Keyword 1 and Keyword 2,Physical trauma,Posttrauma,Major trauma,Trauma,Traumatic Injury,Traumatic organ injury,Trauma-related injuries,Trauma Score,Blunt trauma,Injury severity,Severity of Trauma,Severe trauma,Trauma severity,Poly-trauma,Polytrauma,(poly)trauma,Multiple trauma,Multi-trauma,(multi)trauma,Multiple injuries,Intra-abdominal injury,Intraabdominal injuries,Abdominal injury,Abdominal injuries,Abdominal trauma,Abdominal trauma,Blunt Abdominal Trauma,Hollow viscus injury,Chest trauma,Chest injury,Coagulopathy of Trauma,Blood loss,Disseminated intravascular coagulation,Hemorrhage,Hemorrhagic trauma,Hemorrhagic,Hemorrhagic shock,Postinjury coagulopathy,Severe bleeding,Traumatic hemorrhagic shock,Traumatic Coagulopathy,Traumatic blood loss,Pelvic Injury,Pelvic trauma,Pelvic fracture,Traumatic pelvic injury,Splenic injury,Splenic trauma,Traumatic splenic injury,Traumatically injured spleen,Blunt splenic injuries,Blunt bowel injury,Small bowel injury,Intestinal failure,Intestinal injury,Intestinal trauma,Traumatic intestinal injury,Mesenteric injury,Kidney failure,Kidney Injury,Kidney trauma,Renal failure,Renal trauma,Renal injury,Traumatic renal injury,Traumatic kidney injury,Liver failure,Liver injury,Liver traumatic injuries,Traumatic liver injury,Hepatic injury,Pancreatic trauma,Pancreatic injury,Organ injury,Multiple organ failure,Multiple organ dysfunction,Multiorgan dysfunction syndrome,Multi-organ failure,Organ failure,Musculoskeletal trauma,Muscular trauma
Abbreviated Injury Scale,248,7,332,2421,2224,41,20,1711,472,1812,1792,923,1792,2,520,2,488,11,59,529,42,18,297,289,294,294,92,14,488,511,73,216,5,206,36,36,35,1,92,12,48,106,179,178,96,29,67,66,10,0,32,9,15,5,21,20,6,4,24,57,55,32,47,49,10,14,15,67,58,12,22,13,13,166,63,16,2,64,76,22,2
APACHE II,95,5,131,1296,747,33,2,859,66,896,658,377,658,0,357,3,343,7,47,364,35,9,104,53,107,107,14,0,92,119,33,471,97,414,18,65,40,0,167,5,9,40,10,9,5,2,5,3,0,0,3,5,11,71,43,42,7,4,802,690,79,1066,117,598,16,12,296,110,20,5,50,12,24,541,1085,589,45,1133,2045,1,1
ISS,389,18,980,5340,4554,114,74,4359,1310,4646,4615,1582,4615,7,1735,9,1628,21,140,1685,88,71,682,654,687,687,277,25,872,860,170,608,17,523,130,142,126,6,211,41,54,181,460,470,284,66,171,170,31,0,103,43,42,16,88,86,22,20,116,127,107,154,121,140,31,29,60,219,191,39,96,50,50,561,293,112,5,298,345,65,6
Glasgow Coma Scale,1582,31,889,10051,9578,95,42,5696,1737,4392,4336,4024,4336,1,1159,5,1093,14,155,1279,67,29,349,320,346,346,167,12,484,475,245,3641,38,3639,193,371,77,3,890,29,139,1172,191,191,124,33,77,78,13,0,49,18,23,5,27,27,6,7,115,134,79,187,99,129,39,34,109,127,104,28,46,25,27,304,152,70,4,164,263,21,6
Injury severity score,3903,86,2970,23255,21556,295,221,23255,4166,26239,23255,6008,23255,9,4402,23,4228,36,423,4617,343,187,2097,1938,2021,2021,862,82,2508,2642,493,2367,57,2090,455,494,398,20,755,136,193,768,1142,1122,709,173,621,608,102,1,396,158,212,57,512,381,62,87,803,1191,491,856,529,1065,106,91,258,1029,603,118,452,199,255,1895,755,321,19,781,1070,314,66
Multiple organ dysfunction score,45,12,110,597,419,101,7,472,78,481,374,239,374,1,411,2,410,1,24,438,15,5,52,25,44,44,5,0,53,60,27,148,80,122,37,55,51,0,61,22,4,23,16,19,8,0,7,5,0,0,0,0,6,52,34,26,3,5,318,217,44,464,70,204,12,7,312,110,28,5,50,4,15,870,1360,1820,70,1391,2199,5,1
(MODS),231,29,657,3832,2766,507,32,919,325,1329,1068,1191,1068,5,2531,10,2514,6,246,3102,110,74,432,259,363,363,73,9,351,384,219,1774,738,1548,369,714,581,1,661,118,57,152,107,106,64,13,136,104,14,0,27,16,154,1292,498,366,25,181,3047,1525,416,3728,470,1374,55,35,3240,1066,327,51,460,112,223,5606,18939,5345,326,18952,18966,17,18
Revised Trauma score,282,2,239,1601,1223,11,20,1601,264,949,984,325,984,0,296,2,280,4,30,293,15,7,111,104,114,114,53,5,122,115,25,102,1,87,25,25,25,0,31,9,8,28,70,74,40,9,17,17,4,0,13,6,8,2,13,13,1,5,11,21,23,17,36,33,10,7,5,37,33,9,12,10,9,82,24,10,0,24,37,20,4
Sequential organ failure assessment,26,1,43,350,165,39,1,297,15,246,172,107,172,0,122,1,116,1,16,124,16,2,28,8,23,23,1,0,19,24,15,82,82,70,8,18,17,0,36,4,3,5,3,2,2,0,1,1,0,0,1,0,0,38,8,6,0,0,318,237,27,437,41,183,7,4,279,60,4,2,23,2,7,554,737,399,15,795,2846,2,0
SOFA,21,1,44,355,182,40,0,278,9,265,164,129,164,0,118,2,112,1,21,120,16,2,40,9,26,26,0,0,20,25,13,83,74,73,5,15,13,0,38,4,1,5,4,3,3,0,0,0,0,0,0,0,0,35,13,7,0,0,332,267,27,449,40,218,10,5,285,67,7,3,21,3,3,454,708,410,14,765,2205,6,1
TRISS,32,1,165,566,495,4,17,479,189,525,530,124,530,0,167,1,155,1,8,155,7,5,54,52,54,54,30,0,60,59,9,45,0,49,13,13,15,0,24,5,4,10,29,29,10,4,10,10,1,0,5,0,1,1,5,4,1,1,3,9,9,5,9,9,3,2,6,22,20,3,6,2,2,41,19,7,0,19,22,0,0
NISS,25,0,61,270,219,7,6,234,51,244,245,78,245,1,105,1,97,1,11,102,3,3,24,24,24,24,8,0,29,31,3,14,0,11,6,6,5,1,10,1,1,4,18,18,10,0,2,2,1,0,1,2,4,0,2,2,1,2,1,3,3,1,3,3,1,2,0,3,2,1,3,0,0,35,18,8,0,19,20,6,0
(PAI),61,2,78,752,477,0,0,61,23,122,85,106,85,0,37,3,34,0,8,53,9,10,46,32,40,40,4,0,40,56,46,792,129,505,19,141,25,0,95,3,9,17,12,14,2,0,10,8,2,0,0,2,19,9,45,27,0,8,338,225,24,376,25,197,0,0,71,124,13,4,74,5,11,85,69,25,1,71,120,8,2
Alpha fetoprotein,6,0,5,131,57,1,0,7,2,21,6,18,6,0,3,2,3,0,1,7,1,3,20,8,13,13,1,0,4,2,0,467,13,301,0,39,3,0,38,0,0,1,6,3,1,0,11,4,0,0,0,0,3,5,9,4,0,4,78,12,5,101,4,10,0,0,488,336,36,2,169,3,15,20,8,1,0,11,30,1,0
(AFP),111,0,36,774,638,2,1,10,19,27,22,27,22,0,11,2,11,0,2,17,1,0,19,7,11,11,0,0,11,10,4,344,3,238,1,27,5,0,26,0,0,4,4,3,1,0,8,5,0,0,0,0,2,6,5,3,0,1,52,13,6,76,8,10,0,2,247,193,11,3,104,4,14,18,9,4,0,11,22,31,10
4-hydroxy-phenylpyruvate dioxygenase (HPD),0,0,0,0,0,0,0,0,0,0,0,0,0,0,0,0,0,0,0,0,0,0,0,0,0,0,0,0,0,0,0,0,0,1,0,0,0,0,0,0,0,0,0,0,0,0,0,0,0,0,0,0,0,0,0,0,0,0,0,0,0,0,0,0,0,0,0,0,0,0,0,0,0,0,0,0,0,0,0,0,0
5 nucleotidase,,,,,,,,,,,,,,,,,,,,,,,,,,,,,,,,,,,,,,,,,,,,,,,,,,,,,,,,,,,,,,,,,,,,,,,,,,,,,,,,,
alpha-glutathioneS-transferase,0,0,0,0,0,1,1,1,1,0,0,0,0,0,0,0,0,0,0,0,0,0,0,1,1,1,0,0,0,0,1,0,0,0,0,0,0,0,0,1,0,0,1,0,0,0,0,0,0,0,0,0,0,0,0,0,1,0,0,0,0,0,0,0,0,0,0,0,0,1,0,1,0,0,0,0,0,5,0,0,0
Arginase-1,6,0,12,91,74,0,0,1,2,11,4,7,4,0,2,1,1,0,1,5,0,0,1,0,1,1,0,0,7,8,0,31,1,8,0,2,1,0,2,0,0,3,1,0,0,0,12,9,3,0,1,0,1,0,6,2,0,1,10,22,2,10,3,18,0,0,10,20,1,0,9,0,0,5,2,1,0,2,4,0,0
Arginase 1,9,0,17,158,117,0,0,3,2,20,10,10,10,0,2,2,1,0,1,8,2,1,5,1,3,3,0,0,15,16,0,53,1,14,0,2,1,0,2,0,0,4,1,0,0,0,15,12,3,0,1,0,1,3,10,5,0,1,23,43,5,21,6,34,0,0,31,64,4,0,35,0,2,14,2,2,0,2,10,0,0
(ARG1),5,0,10,69,49,0,0,2,0,6,2,8,2,0,2,0,2,0,1,6,1,1,2,0,0,0,0,0,5,5,0,26,1,7,0,1,1,0,0,0,0,1,1,1,0,0,2,2,0,0,0,0,2,2,10,4,0,1,2,7,1,2,0,5,0,0,5,18,0,0,10,0,2,12,1,1,0,1,4,0,0
argininosuccinate synthetase,0,0,1,5,3,0,0,0,0,2,0,1,0,0,2,0,1,0,0,1,0,0,0,0,0,0,0,0,0,0,0,12,1,3,0,2,0,0,0,0,0,0,0,0,0,0,0,1,0,0,0,0,1,0,3,0,0,0,9,5,0,8,0,4,0,0,31,20,1,0,12,0,1,6,2,0,0,2,5,0,0
(ASS),7,0,4,59,38,0,0,4,1,3,5,5,5,0,4,0,3,0,0,5,0,0,2,1,2,2,0,0,2,2,1,62,2,44,0,7,1,0,6,0,0,0,0,0,0,0,1,0,0,0,0,0,0,1,0,1,0,0,14,8,2,16,1,6,0,0,14,15,1,0,9,1,2,6,3,1,0,3,5,1,1
C3 complement,26,3,55,518,316,1,1,29,15,114,56,82,56,0,45,1,40,0,5,52,1,5,25,13,19,19,3,0,18,23,14,911,56,601,9,103,23,0,86,2,0,6,0,0,0,0,50,28,3,1,4,0,14,12,50,22,1,14,650,615,63,735,44,513,1,2,84,173,16,0,77,10,22,137,39,21,2,42,85,1,0
Complement factor B,0,1,2,23,18,0,0,1,2,8,2,5,2,0,2,1,2,0,0,2,0,0,1,1,1,1,1,0,0,1,3,27,3,13,0,3,1,0,1,0,0,1,0,0,0,0,1,1,1,1,1,0,0,0,2,1,0,0,36,32,1,46,2,29,1,1,4,8,0,0,4,0,0,7,2,0,0,3,4,0,0
C5a,9,2,43,276,140,3,2,10,13,41,22,47,22,0,40,4,38,0,3,45,4,6,16,4,13,13,0,0,22,26,11,175,16,82,9,26,19,0,17,5,2,7,0,0,0,0,10,5,1,0,0,0,8,10,35,21,0,13,113,114,17,121,12,101,0,1,22,51,4,1,15,3,10,94,46,23,3,50,63,3,0
Amyloid A,14,0,21,167,71,1,0,13,0,34,19,20,19,0,10,0,9,1,1,12,1,0,1,0,3,3,1,0,4,6,1,174,5,68,2,20,3,0,9,1,0,1,0,0,1,0,7,3,0,0,0,0,2,10,14,2,1,2,212,37,19,231,12,33,1,3,33,80,12,6,48,5,4,14,10,8,2,13,39,1,1
BNP,15,0,17,150,111,1,0,15,1,51,14,25,14,0,7,3,6,0,2,9,2,0,11,1,2,2,0,0,21,33,0,189,0,91,0,20,0,0,22,0,0,9,1,0,1,0,0,0,0,0,0,0,1,16,3,0,0,1,723,109,7,983,11,102,1,0,70,18,1,0,5,1,1,39,19,12,2,25,150,2,1
B lymphocytes,24,1,59,755,541,1,2,23,24,73,39,77,39,0,37,2,37,1,4,50,1,8,28,20,22,22,2,0,14,15,7,1518,12,543,2,159,16,0,81,1,2,5,5,3,2,0,168,127,11,1,4,0,16,40,57,23,1,14,463,197,33,504,20,161,0,2,125,141,15,1,39,6,18,104,32,23,4,41,153,3,2
(CD3),20,4,64,552,353,2,2,30,8,87,44,105,44,0,22,4,22,0,5,34,3,6,19,7,12,12,2,0,10,17,3,831,17,218,5,73,16,0,50,3,0,6,1,0,2,0,126,79,11,1,1,0,34,36,88,33,1,18,311,190,22,344,23,181,2,1,138,186,7,1,81,3,21,108,41,21,3,51,106,4,1
(CD4),56,5,151,1317,809,5,2,75,21,286,97,199,97,1,67,11,62,0,11,85,2,3,48,19,26,26,3,0,42,61,4,3047,30,564,19,241,53,0,134,7,2,17,3,4,4,0,478,210,19,1,4,0,51,107,177,57,1,57,812,535,54,904,38,457,1,0,535,815,28,2,318,7,55,285,122,65,11,140,352,7,6
(CD8),44,1,100,843,541,1,0,47,14,156,52,136,52,1,39,4,36,0,5,54,1,2,28,16,19,19,2,0,25,40,2,1679,19,303,14,281,42,0,70,5,2,13,1,3,2,0,309,142,10,1,2,0,41,62,104,44,0,26,323,278,26,354,20,218,1,0,282,524,20,0,192,4,38,174,81,44,5,96,195,4,2
CK-MB,91,0,41,560,364,3,1,28,52,130,53,80,53,0,30,1,25,0,5,41,4,0,26,5,7,7,0,0,183,288,0,194,3,115,6,28,16,0,22,1,0,1,1,1,2,0,7,5,0,0,0,0,2,4,11,12,1,5,157,113,42,201,39,117,3,2,31,78,23,0,32,5,15,104,37,32,1,40,53,4,24
Active T lymphocytes,7,0,15,134,91,0,1,3,5,28,4,13,4,0,10,1,10,0,1,11,0,0,2,1,2,2,0,0,2,3,0,364,2,79,0,13,3,0,18,0,1,1,0,0,0,0,26,11,0,0,0,0,9,13,27,6,0,4,63,41,3,62,2,34,0,0,35,100,0,0,32,0,5,22,8,7,1,8,23,1,0
(ATL),12,0,1,94,67,0,0,3,7,8,4,8,4,0,2,1,1,0,0,3,0,0,2,1,2,2,0,0,7,9,2,75,5,34,2,14,2,0,7,1,0,1,1,0,0,0,2,1,0,0,0,0,1,3,3,0,0,0,29,14,2,37,2,14,0,0,17,14,0,0,6,1,1,15,6,0,1,6,6,6,2
Creatine kinase,633,0,138,2471,1459,14,1,103,191,429,222,360,222,0,98,4,89,0,12,146,8,4,70,27,38,38,3,0,382,598,27,1174,56,547,37,181,64,0,103,7,4,21,28,27,9,5,13,7,0,0,0,2,25,20,65,34,3,25,821,697,209,1082,225,621,36,37,194,353,70,13,128,6,36,398,134,84,6,146,233,32,218
C-reactive protein,324,7,232,2245,1234,20,8,323,30,562,337,351,337,2,178,12,169,1,18,207,14,12,131,47,124,124,6,0,89,146,24,3177,118,989,22,218,20,0,231,2,11,38,19,24,12,2,21,21,3,0,2,0,27,127,95,74,1,12,3196,546,93,3578,117,463,8,4,383,385,71,20,156,38,73,277,367,213,17,394,810,39,31
CRP,214,2,165,1400,730,9,6,211,19,323,205,208,205,1,106,6,100,1,14,124,13,6,80,25,72,72,1,0,54,75,14,1660,60,527,16,131,14,0,137,0,5,23,25,28,9,1,10,5,0,0,0,0,12,53,58,48,1,10,1698,298,55,1902,56,224,3,1,204,221,31,6,97,27,40,171,190,123,12,209,434,29,11
Complement,350,5,360,3580,2211,33,8,161,87,475,259,415,259,0,207,9,193,1,50,284,10,19,124,57,104,104,10,0,136,179,69,3747,350,2199,66,729,167,0,322,23,12,52,28,30,12,2,158,85,7,1,6,2,65,73,258,107,2,75,2338,2054,234,2546,183,1613,10,7,496,956,75,12,391,33,98,823,275,148,22,309,642,53,24
Creatine kinase muscle and brain,17,0,9,66,42,1,0,5,8,14,10,6,10,0,5,0,4,0,1,8,0,0,0,0,0,0,0,0,16,18,0,35,1,16,0,2,2,0,4,0,0,0,0,0,0,0,2,2,0,0,0,0,0,0,0,1,0,0,18,22,7,18,8,13,0,0,13,13,3,1,4,0,1,18,7,5,1,9,14,0,5
CTnI,27,0,17,261,180,1,0,16,16,89,20,38,20,0,10,1,9,0,1,16,0,0,23,6,9,9,0,0,95,145,1,72,1,39,3,7,2,0,10,0,0,1,0,0,0,0,1,0,0,0,0,0,3,0,4,4,0,0,128,57,16,170,18,78,2,0,9,27,10,0,9,2,3,39,12,12,0,15,29,0,7
Cystatin C,18,0,12,139,68,1,0,10,2,127,15,18,15,0,9,1,9,0,2,19,3,0,25,0,1,1,0,0,4,15,0,320,0,169,1,27,6,0,16,1,0,2,2,0,0,0,3,1,0,0,0,0,1,5,7,2,0,3,2021,1194,103,2071,86,933,5,6,76,120,1,0,9,3,7,83,10,9,0,15,65,0,0
Cystatin-C,18,0,12,139,68,1,0,10,2,127,15,18,15,0,9,1,9,0,2,19,3,0,25,0,1,1,0,0,4,15,0,320,0,169,1,27,6,0,16,1,0,2,2,0,0,0,3,1,0,0,0,0,1,5,7,2,0,3,2021,1194,103,2071,86,933,5,6,76,120,1,0,9,3,7,83,10,9,0,15,65,0,0
CXCL10,11,0,13,136,88,0,0,5,6,42,13,10,13,0,3,3,3,0,0,8,0,1,1,0,0,0,0,0,10,13,0,96,0,28,2,26,10,0,4,0,0,1,1,0,0,0,18,1,0,0,0,0,3,2,10,1,0,1,41,72,6,39,3,59,0,0,25,114,5,2,53,1,14,37,5,5,0,5,12,1,0
CXCR3,2,0,3,30,14,0,0,1,1,20,4,1,4,0,0,0,0,0,0,0,0,0,0,0,0,0,0,0,2,2,0,46,0,4,1,10,3,0,1,0,0,0,0,1,0,0,17,0,0,0,0,0,2,3,4,2,0,2,14,32,1,15,1,26,0,0,10,59,0,0,26,0,7,14,0,1,0,1,5,0,0
Cadherin-5,0,0,4,38,21,1,0,0,0,10,1,8,1,0,0,0,0,0,1,3,0,1,0,0,0,0,0,0,2,3,1,108,1,42,3,25,6,0,3,0,0,2,0,0,0,0,1,0,0,0,0,0,0,1,2,0,0,3,15,18,2,15,2,10,0,0,3,11,1,0,3,1,3,14,0,3,0,3,10,0,0
Caspase cleaved cytokeratin 18,1,0,1,7,6,0,0,1,0,12,3,4,3,0,0,0,0,0,0,0,0,0,1,0,0,0,0,0,0,0,0,12,0,6,1,4,0,0,3,0,0,2,0,0,0,0,0,0,0,0,0,0,0,0,1,0,0,0,3,3,0,5,0,4,0,0,12,30,0,0,11,0,1,5,2,2,0,2,5,0,0
(CcK18),0,0,0,0,0,0,0,0,0,0,0,0,0,0,0,0,0,0,0,0,0,0,0,0,0,0,0,0,0,0,0,0,0,0,0,0,0,0,0,0,0,0,0,0,0,0,0,0,0,0,0,0,0,0,0,0,0,0,0,0,0,0,0,0,0,0,0,4,0,0,2,0,0,0,0,0,0,0,0,0,0
CDH5,0,0,0,3,3,0,0,0,0,0,0,0,0,0,0,0,0,0,0,0,0,0,0,0,0,0,0,0,1,1,0,8,0,3,0,2,0,0,0,0,0,0,0,0,0,0,0,0,0,0,0,0,0,0,1,0,0,0,1,2,0,1,0,1,0,0,1,4,0,0,1,0,0,0,0,1,0,0,0,0,0
Ceruloplasmin,10,1,16,170,124,0,0,4,0,27,15,24,15,0,10,1,10,0,0,12,0,0,16,9,10,10,0,0,5,6,1,166,1,53,2,17,4,0,9,0,0,1,3,2,2,0,15,9,0,0,0,0,3,14,8,6,0,2,75,30,6,80,2,21,0,0,197,125,20,2,50,2,10,17,13,3,0,15,24,0,1
Collagen IV,64,0,64,673,403,0,0,56,4,70,31,50,31,0,7,12,7,0,1,25,0,3,17,7,9,9,1,1,16,16,3,661,8,474,13,122,0,0,70,0,1,4,2,1,2,0,16,4,0,0,1,0,9,8,22,17,1,7,512,500,70,582,74,449,0,0,41,155,6,0,95,1,8,79,4,1,0,4,41,2,6
Cytokeratin 18,3,0,3,36,13,0,0,4,0,43,8,10,8,0,3,0,3,0,0,5,0,1,4,0,1,1,0,0,1,1,0,42,0,15,2,6,1,0,5,0,0,3,1,0,0,0,1,0,0,0,0,0,5,0,13,3,1,0,15,19,1,19,2,16,0,0,75,172,1,1,68,1,8,12,3,3,0,3,9,0,1
D-Dimer,46,3,49,541,363,8,3,113,21,112,96,109,96,0,49,1,47,1,5,59,4,3,23,11,17,17,0,0,31,37,161,912,651,784,22,203,16,1,177,3,54,37,12,16,11,1,4,3,0,0,1,0,1,1,11,7,0,8,174,65,14,210,21,68,4,1,55,43,14,4,10,2,9,67,80,48,3,86,159,0,3
Estrogen sulfotransferase,0,0,1,2,0,0,0,0,0,0,0,0,0,0,1,0,1,0,0,1,0,0,0,0,0,0,0,0,0,0,0,3,0,1,0,1,1,0,0,0,0,0,0,0,0,0,0,0,0,0,0,0,0,0,0,0,0,0,0,0,0,0,0,0,0,0,2,4,0,0,3,0,0,1,1,0,0,1,1,0,0
(EST-1),0,0,1,5,1,0,0,0,0,0,0,0,0,0,1,0,1,0,0,1,0,0,0,0,0,0,0,0,0,0,0,3,0,2,0,0,0,0,1,0,0,0,0,0,0,0,0,0,0,0,0,0,0,0,0,0,0,0,1,0,0,3,0,0,0,0,3,2,0,0,1,0,0,1,1,0,0,1,1,0,0
FABPs,1,0,0,7,4,1,0,3,0,1,2,3,2,0,2,0,2,0,0,3,0,0,4,2,2,2,0,0,0,0,0,3,0,1,1,1,0,0,0,0,0,0,0,0,0,0,1,1,0,0,0,0,1,0,5,2,0,1,5,9,2,3,1,7,0,1,3,9,1,0,0,0,0,5,1,0,0,1,1,0,0
FABP,16,0,6,105,54,5,0,19,7,65,19,17,19,0,8,0,8,1,4,12,3,0,29,13,14,14,2,1,18,35,0,60,0,14,2,7,4,0,4,1,0,3,1,0,0,0,4,1,0,0,0,2,36,27,107,39,4,18,191,241,21,194,13,179,1,4,65,213,8,3,27,0,3,39,15,9,1,15,24,0,1
Fatty Acid Binding Protein,41,2,26,282,142,8,0,27,11,127,33,44,33,0,17,1,16,1,4,30,7,0,54,18,23,23,2,1,28,54,1,225,1,38,5,26,12,0,8,2,1,5,2,1,0,0,12,2,0,0,0,2,52,57,198,62,5,28,358,423,40,368,31,321,4,6,188,770,17,4,332,2,16,129,33,22,4,35,65,2,6
Fatty acid binding protein 1,23,2,15,181,89,5,0,18,7,96,19,33,19,0,12,1,11,1,4,19,4,0,35,11,14,14,1,0,19,30,1,156,0,27,3,14,9,0,5,1,1,4,1,0,0,0,10,2,0,0,0,1,37,36,129,39,3,21,289,347,25,295,22,268,4,3,136,584,13,2,238,1,13,97,22,14,3,23,43,1,2
FDP,60,0,10,326,258,4,0,42,18,32,29,49,29,0,19,1,19,0,3,27,1,0,2,1,1,1,0,0,5,5,73,239,388,208,17,64,21,0,69,4,13,7,2,2,2,0,1,0,0,0,0,0,0,2,1,0,0,1,42,20,2,54,6,21,0,0,29,25,5,1,13,0,3,22,21,5,0,21,43,7,2
Fibrin degradation products,23,3,26,459,336,5,2,79,16,82,74,85,74,0,38,1,36,0,1,41,3,2,14,4,11,11,0,0,20,22,151,909,1119,797,15,217,22,1,175,1,33,26,5,6,5,0,1,1,0,0,0,0,2,3,7,4,0,3,172,61,7,193,12,58,1,0,66,32,5,1,11,3,10,46,64,30,1,64,113,1,1
Fibrin/fibrinogen degradation products,0,0,1,15,15,1,1,6,4,2,2,5,2,0,1,1,1,0,1,1,0,0,0,0,0,0,0,0,0,0,10,39,65,37,0,11,0,1,14,1,5,1,0,0,0,0,0,0,0,0,0,0,0,0,0,1,0,0,10,2,0,10,0,2,1,0,3,0,1,1,0,0,0,2,6,4,0,6,9,0,0
Fibrinogen,142,8,276,2653,1809,22,13,239,109,338,282,433,282,0,190,15,176,2,19,207,13,19,108,74,94,94,8,0,102,120,871,5688,2631,4624,179,1500,247,9,1030,45,180,175,28,31,19,4,71,67,11,0,2,0,10,16,38,26,1,26,934,378,85,1098,79,314,4,8,399,422,112,23,167,14,38,194,175,73,3,188,326,13,5
Fibtem,2,0,12,65,29,1,0,12,3,11,11,20,11,0,3,0,2,0,0,2,1,0,2,1,1,1,0,0,0,0,42,88,6,80,9,16,11,0,23,3,13,6,0,0,0,0,0,0,0,0,0,0,0,0,0,0,0,0,6,2,0,4,0,0,0,0,4,4,1,1,0,0,0,1,0,0,0,0,1,0,0
F- Protein,186,4,206,2194,1429,14,1,105,46,292,153,260,153,1,68,23,67,0,16,125,5,0,45,13,23,23,1,0,105,130,57,2486,123,1075,38,385,64,0,278,3,9,27,13,11,1,1,77,29,1,0,0,0,43,46,151,66,1,26,999,595,93,1119,77,455,3,3,291,585,33,6,261,11,52,269,87,55,9,97,263,21,32
FABP1,1,0,2,19,7,3,0,4,0,17,3,3,3,0,2,0,2,0,0,3,0,0,5,1,1,1,0,0,2,2,0,12,0,3,0,0,0,0,1,0,0,1,1,0,0,0,0,0,0,0,0,0,3,2,11,5,1,2,103,128,12,100,6,92,1,4,33,100,4,3,12,0,1,6,2,1,0,2,3,0,0
Glutathione S-transferases (GST),0,0,1,10,6,0,0,0,0,5,2,1,2,0,0,0,0,0,0,0,0,0,0,0,0,0,0,0,1,1,0,3,0,0,0,1,0,0,0,0,0,0,0,0,0,0,1,0,0,0,0,0,1,0,2,0,0,1,10,9,2,11,2,7,0,0,5,45,2,0,25,0,1,5,0,0,0,0,1,0,0
Gamma glutamyl transferase,32,0,26,262,109,1,0,9,9,93,28,31,28,0,12,3,12,0,1,22,1,1,37,9,17,17,2,0,13,15,3,315,7,94,4,39,7,0,21,1,0,0,3,0,0,0,19,6,0,0,1,0,14,20,35,10,0,6,260,294,50,306,42,235,1,1,349,1041,44,2,499,8,36,113,25,27,3,27,47,1,6
Glutamate dehydrogenase,14,0,13,160,99,1,0,3,2,24,10,18,10,0,9,1,9,0,2,10,0,0,9,5,6,6,1,0,4,5,0,106,1,41,5,16,10,0,3,3,0,6,0,0,0,0,7,3,0,0,0,0,6,5,9,2,0,1,28,55,6,32,7,33,0,0,88,377,21,4,172,2,4,71,5,1,1,6,11,0,2
GLDH,2,0,2,16,7,0,0,1,0,5,2,4,2,0,3,0,3,0,0,3,0,0,4,1,1,1,0,0,2,2,0,5,0,1,0,1,1,0,1,0,0,0,0,0,0,0,0,0,0,0,0,0,0,0,2,1,0,0,1,5,2,3,3,4,0,0,19,82,3,0,41,2,0,19,1,1,1,2,2,0,0
GST,,,,,,,,,,,,,,,,,,,,,,,,,,,,,,,,,,,,,,,,,,,,,,,,,,,,,,,,,,,,,,,,,,,,,,,,,,,,,,,,,
GSTA,0,0,0,1,0,0,0,0,0,0,0,0,0,0,0,0,0,0,0,0,0,0,0,0,0,0,0,0,0,0,0,0,0,0,0,0,0,0,0,0,0,0,0,0,0,0,0,0,0,0,0,0,0,0,0,0,0,0,0,0,0,0,0,0,0,0,1,8,0,0,4,0,0,0,0,0,0,0,0,0,0
Glutathione S-transferase alpha,2,0,1,20,12,1,1,0,1,8,2,2,2,0,0,0,1,0,0,1,1,0,7,1,0,0,0,0,0,1,0,14,0,10,1,3,3,0,1,1,0,1,1,0,0,0,0,0,0,0,0,0,1,1,5,1,1,1,29,50,3,29,4,45,0,0,10,59,3,1,35,0,0,12,1,0,0,2,2,0,0
hs-CRP,16,0,6,76,34,0,0,11,1,24,10,3,10,0,2,0,2,0,0,7,0,0,8,0,0,0,0,0,5,8,0,186,0,41,0,18,0,0,6,0,0,0,0,0,0,0,0,0,0,0,0,0,0,2,1,1,0,0,294,46,6,332,8,34,0,0,10,16,0,0,7,0,1,7,8,9,0,10,18,1,3
hsCRP,12,0,4,49,27,1,0,6,0,9,4,6,4,0,2,0,2,0,0,2,2,0,6,1,2,2,0,0,2,3,0,166,0,30,0,11,0,0,8,0,0,1,1,1,1,0,0,0,0,0,0,0,1,3,3,0,0,0,300,28,1,322,0,25,0,0,10,9,0,0,3,0,2,5,2,3,0,3,13,0,1
Hyaluronic Acid,184,0,114,1854,1246,2,1,127,18,115,89,120,89,0,27,78,25,0,21,54,14,11,47,24,46,46,2,0,45,49,9,335,3,203,12,43,14,0,35,1,3,7,16,21,1,0,17,6,0,0,0,0,21,6,63,55,1,4,85,89,21,104,18,79,0,1,103,351,23,0,215,4,28,121,11,10,0,16,37,34,13
High Mobility Group Box-1,21,1,69,509,286,6,0,38,11,133,56,105,56,1,42,4,40,0,5,62,2,1,34,6,14,14,1,0,46,53,9,207,39,151,44,88,69,0,31,1,5,5,1,1,0,0,28,14,1,0,0,0,19,11,93,43,1,19,82,177,35,81,26,141,1,1,130,405,30,5,203,12,47,218,75,62,6,78,110,7,1
HMGB1,21,1,69,512,284,5,0,34,11,129,56,105,56,1,42,3,40,0,6,64,2,1,34,7,15,15,1,0,47,51,8,196,31,143,38,82,63,0,29,1,4,6,1,1,0,0,28,15,0,0,0,0,16,9,88,39,1,17,78,172,34,81,26,143,0,0,113,382,30,3,193,15,52,202,70,57,6,73,100,7,2
Howell Jolly bodies,,,,,,,,,,,,,,,,,,,,,,,,,,,,,,,,,,,,,,,,,,,,,,,,,,,,,,,,,,,,,,,,,,,,,,,,,,,,,,,,,
Human leucocyte antigen,28,2,95,602,365,2,0,50,7,109,66,111,66,0,49,1,46,1,8,58,0,0,15,8,14,14,0,0,17,28,4,1368,28,444,2,141,18,0,98,0,1,1,6,5,0,1,22,7,3,0,0,0,15,55,44,7,0,0,1240,268,50,1093,35,183,2,2,257,286,6,0,54,5,18,142,81,35,4,103,444,9,1
Helper T cells,20,2,62,447,280,4,0,19,6,112,37,77,37,0,26,1,26,0,5,37,2,2,8,4,9,9,1,0,19,26,3,680,4,226,8,44,18,0,26,3,2,7,0,1,0,0,152,88,10,1,2,0,15,34,76,23,0,15,136,170,17,160,9,144,1,0,90,226,9,0,105,1,10,114,21,18,2,24,64,3,1
(HLA)-DR,9,3,80,382,220,4,0,52,9,75,61,92,61,0,46,0,42,1,7,50,0,0,14,8,15,15,0,0,8,12,1,503,17,144,2,49,9,0,27,0,0,0,1,1,1,0,13,9,1,0,0,0,3,11,9,5,0,0,386,79,22,362,20,74,2,2,75,72,1,0,24,1,6,56,59,38,2,66,188,3,0
HPPD,0,0,0,1,1,0,0,0,0,0,0,0,0,0,0,0,0,0,0,0,0,0,0,0,0,0,0,0,0,0,0,2,0,0,0,0,0,0,0,0,0,0,0,0,0,0,0,0,0,0,0,0,0,0,0,0,0,0,0,1,0,1,0,1,0,0,2,2,1,0,2,0,0,0,0,0,0,0,0,0,0
I-FABP,10,0,1,38,16,4,0,9,2,13,7,7,7,0,5,0,5,0,3,6,2,0,21,12,13,13,2,1,4,5,0,17,0,1,1,3,1,0,0,1,0,0,0,0,0,0,3,1,0,0,0,2,35,23,101,37,4,18,4,7,4,2,2,6,0,2,6,19,4,1,6,0,0,17,10,5,0,10,15,0,0
IL-6,599,23,690,6599,3981,75,10,549,158,1341,701,972,701,0,479,41,448,4,92,647,45,35,317,84,184,184,7,0,612,706,53,4302,159,1874,332,911,581,1,411,61,15,129,23,23,14,2,414,232,19,0,5,1,258,216,1045,428,20,248,2222,1831,312,2415,248,1506,9,14,1072,3214,253,42,1742,93,416,1691,814,572,39,868,1357,68,42
IL-8,93,6,160,1437,903,23,1,173,36,369,201,251,201,0,150,13,142,2,25,170,5,2,42,9,26,26,0,0,163,201,6,720,36,351,25,185,58,0,79,8,1,16,8,7,5,1,21,5,0,0,1,0,53,39,193,57,2,27,269,318,42,314,39,239,0,2,156,344,23,4,184,17,59,362,234,160,11,249,365,22,4
IL-10,192,12,316,2451,1518,46,5,213,65,537,276,452,276,0,195,17,180,3,39,243,11,11,95,35,53,53,2,0,207,224,16,1485,39,699,120,377,228,0,164,28,2,59,12,12,3,1,359,185,19,0,3,0,111,95,482,180,3,89,586,647,121,614,85,505,2,3,371,1123,92,15,577,31,142,632,336,241,13,364,551,31,13
IL-18,19,3,34,332,206,5,0,21,5,153,44,61,44,0,25,0,24,0,8,36,2,1,23,3,5,5,0,0,33,42,1,229,9,82,11,39,15,0,16,2,1,3,0,0,0,0,40,20,0,0,2,0,12,10,73,27,2,8,487,603,43,498,27,452,1,1,104,296,18,1,95,4,19,114,31,21,5,32,68,1,0
Intestinal-FABP,0,0,0,1,1,0,0,1,0,2,1,1,1,0,1,0,1,0,0,1,0,0,1,1,1,1,0,0,0,0,0,0,0,0,0,0,0,0,0,0,0,0,0,0,0,0,0,0,0,0,0,0,1,0,3,1,0,0,0,0,0,0,0,0,0,0,0,1,1,0,0,0,0,2,0,0,0,0,0,0,0
IgA,38,1,40,539,271,0,0,25,13,153,48,98,48,0,37,1,34,0,3,45,0,2,36,23,26,26,3,0,16,18,13,2353,16,1839,6,155,10,0,297,0,1,7,5,2,2,0,44,43,4,0,2,0,51,124,130,68,1,21,1943,850,99,2264,86,784,1,1,169,137,10,0,47,4,5,43,31,14,3,38,114,2,2
IgM,30,0,38,581,373,3,1,28,20,78,39,91,39,0,39,1,37,0,3,46,2,7,59,41,43,43,6,0,15,33,7,1601,66,837,18,699,92,0,239,1,0,7,5,3,3,1,107,103,15,1,7,0,13,47,49,19,1,18,652,289,32,806,30,241,2,3,346,194,19,0,66,3,13,96,82,36,10,113,178,3,2
IgG,90,5,129,1646,1115,3,3,54,35,217,111,231,111,0,75,10,71,1,18,111,2,5,51,28,38,38,5,1,42,61,30,4124,111,2217,36,974,85,0,504,1,1,33,8,4,3,1,144,89,9,1,4,1,26,110,92,33,1,17,1289,781,92,1528,86,625,2,3,398,360,29,1,136,16,30,189,103,47,10,132,281,15,5
IP-10,10,1,4,108,55,0,0,9,6,31,17,19,17,0,8,1,6,0,2,13,0,1,3,1,2,2,0,0,13,15,0,78,1,29,5,40,13,0,5,1,0,2,0,0,0,0,13,4,1,0,0,0,2,3,12,2,0,7,35,44,4,34,2,38,0,0,24,82,1,0,41,1,10,27,6,4,3,6,14,2,0
Jolly bodies,2,0,6,50,38,1,0,1,8,2,2,7,2,0,0,0,0,0,0,0,1,6,28,28,29,29,4,0,4,4,1,26,5,12,0,0,0,0,6,0,1,1,0,0,0,0,35,44,13,0,5,0,1,0,0,0,0,1,4,1,1,4,0,0,0,0,5,9,8,5,4,0,0,2,2,0,0,2,2,0,0
Kidney injury molecule-1,14,0,14,141,33,1,0,5,2,141,13,23,13,0,4,0,4,0,0,15,6,2,26,1,1,1,0,0,4,8,0,76,1,20,4,11,10,0,8,1,0,1,4,1,0,0,21,4,1,0,0,0,7,4,19,7,1,8,799,1824,141,790,106,1438,6,7,53,224,7,1,40,3,22,174,16,13,2,18,47,1,0
(KIM-1),3,0,7,73,10,0,0,5,1,96,6,9,6,0,1,0,1,0,0,7,5,0,15,0,0,0,0,0,1,4,0,40,0,7,0,2,3,0,3,0,0,0,2,0,0,0,6,0,0,0,0,0,0,1,5,1,0,1,520,1091,71,522,53,852,2,2,30,127,0,0,17,1,4,77,5,3,1,6,18,0,0
K18,1,0,2,25,8,0,0,0,0,9,1,4,1,0,1,0,0,0,0,3,0,0,0,0,0,0,0,0,0,0,0,24,0,18,0,1,0,0,1,0,0,0,0,0,0,0,1,1,1,0,0,0,2,0,3,0,0,0,2,6,0,1,1,4,0,0,21,66,1,1,12,3,7,7,1,0,0,1,6,0,0
LECT2,0,0,0,0,0,0,0,0,0,0,0,0,0,0,0,0,0,0,0,0,0,0,0,0,0,0,0,0,0,0,0,5,1,3,0,1,0,0,1,0,0,0,0,0,0,0,0,0,0,0,0,0,0,0,0,0,0,0,8,0,0,8,0,0,0,0,6,7,0,0,4,0,0,1,0,0,0,0,2,0,0
Leucocyte cell-derived chemotaxin-2,0,0,0,0,0,0,0,0,0,0,0,0,0,0,0,0,0,0,0,0,0,0,0,0,0,0,0,0,0,0,0,1,0,1,0,0,0,0,1,0,0,0,0,0,0,0,0,0,0,0,0,0,0,0,0,0,0,0,1,0,0,1,0,0,0,0,0,2,0,0,2,0,0,0,0,0,0,0,0,0,0
L-FABP,2,0,1,26,7,3,0,5,0,30,5,5,5,0,3,0,3,0,0,5,0,0,9,4,4,4,0,0,2,3,0,17,0,6,0,3,3,0,1,0,0,1,1,0,0,0,0,0,0,0,0,0,1,4,11,7,1,0,160,205,19,159,11,150,1,4,60,185,6,3,18,0,1,15,4,1,0,4,7,0,0
Lipocalin,21,0,30,281,143,2,0,15,4,311,34,31,34,0,9,1,9,1,4,19,11,1,46,3,5,5,0,0,11,18,2,240,2,64,5,22,8,0,6,0,0,7,8,0,0,0,9,0,0,0,0,0,3,8,16,5,0,6,1753,2263,147,1756,100,1605,4,6,103,322,7,1,62,1,8,184,18,15,1,22,95,1,2
Liver-FABP,0,0,0,1,1,0,0,1,0,1,1,1,1,0,1,0,1,0,0,1,0,0,1,1,1,1,0,0,0,0,0,0,0,0,0,0,0,0,0,0,0,0,0,0,0,0,0,0,0,0,0,0,0,0,2,1,0,0,0,1,0,0,0,1,0,0,0,3,1,0,0,0,0,1,0,0,0,0,0,0,0
Neutrophil Gelatinase-Associated Lipocalin,16,0,18,198,80,2,0,14,2,297,26,23,26,0,8,1,8,1,4,17,11,1,45,2,2,2,0,0,9,16,1,154,1,41,5,20,8,0,6,0,0,4,7,0,0,0,9,0,0,0,0,0,3,4,12,5,0,6,1613,2189,135,1613,92,1554,4,5,84,295,4,1,45,1,6,173,16,15,1,20,88,1,1
N-acetyl-_-D-glucosaminidase,,,,,,,,,,,,,,,,,,,,,,,,,,,,,,,,,,,,,,,,,,,,,,,,,,,,,,,,,,,,,,,,,,,,,,,,,,,,,,,,,
Nuclear fragments in circulating erythrocytes,0,0,0,0,0,0,0,0,0,0,0,0,0,0,0,0,0,0,0,0,0,0,0,0,0,0,0,0,0,0,0,0,0,0,0,0,0,0,0,0,0,0,0,0,0,0,0,0,0,0,0,0,0,0,0,0,0,0,0,0,0,0,0,0,0,0,0,0,0,0,0,0,0,0,0,0,0,0,0,0,0
NGAL,5,0,10,120,34,2,0,8,1,218,14,12,14,0,3,0,3,1,2,10,9,0,37,1,1,1,0,0,4,11,1,98,1,22,1,14,6,0,4,0,0,0,6,0,0,0,4,0,0,0,0,0,1,0,10,2,0,3,1130,1612,103,1136,71,1147,2,3,53,178,1,0,19,1,5,120,12,10,1,14,60,0,1
N-GAL,0,0,0,1,0,0,0,0,0,0,0,0,0,0,0,0,0,0,1,0,0,0,0,0,0,0,0,0,0,0,0,1,0,0,0,0,0,0,0,0,0,0,0,0,0,0,0,0,0,0,0,0,0,0,0,0,0,0,7,9,0,7,0,8,0,0,0,0,0,0,0,0,0,1,1,1,0,1,1,0,0
Myoglobin,134,0,31,515,271,7,0,20,12,69,32,69,32,0,17,0,13,0,6,19,2,2,28,11,13,13,1,0,40,92,12,207,35,85,6,24,8,0,10,0,1,6,6,3,1,2,2,1,0,0,0,0,1,2,4,3,3,1,532,486,138,638,151,460,27,25,39,58,11,3,18,2,6,47,27,11,4,29,42,8,61
Myeloperoxidase,308,15,297,3842,2305,28,5,188,78,722,191,459,191,1,114,55,109,1,31,198,23,27,225,47,63,63,0,0,503,613,6,2423,58,1420,217,598,329,0,275,24,0,51,21,14,4,1,178,78,3,0,2,0,507,151,1384,397,21,439,1120,1511,272,1287,202,1236,6,11,400,2962,214,21,1638,78,446,1336,285,162,8,296,453,5,28
malate dehydrogenase,9,0,3,120,91,0,0,0,4,4,2,5,2,0,0,0,0,0,0,3,0,0,5,5,5,5,0,0,0,0,0,44,0,25,0,11,9,0,0,0,0,0,0,0,0,0,9,8,1,0,0,0,3,1,5,2,1,1,25,24,6,26,2,14,0,1,20,74,11,1,22,7,4,10,0,0,0,0,3,0,3
(MCSFR),0,0,0,8,5,0,0,0,0,2,1,1,1,0,1,0,1,0,0,1,0,0,0,0,0,0,0,0,0,0,0,17,1,3,0,0,0,0,0,0,0,1,0,0,1,0,2,2,0,0,0,0,0,0,0,0,0,0,1,2,0,3,0,2,0,0,2,4,1,0,1,0,0,1,0,0,0,0,0,1,0
Macrophage colony stimulating factor receptor,7,0,6,116,76,1,1,4,2,11,3,9,3,0,3,0,3,0,0,7,0,0,3,1,1,1,0,0,5,6,0,133,0,22,1,5,1,0,4,0,0,1,1,1,0,0,2,3,0,0,0,0,3,0,7,3,0,0,21,30,3,23,3,29,0,1,15,24,2,1,11,2,2,15,5,6,0,6,13,3,1
(MDH),7,0,5,50,37,0,0,2,1,2,2,4,2,0,2,0,2,0,1,5,0,0,0,0,0,0,0,0,1,2,0,22,0,13,0,5,3,0,1,0,0,0,1,1,0,0,0,0,0,0,0,0,2,0,3,2,1,1,11,4,2,10,2,2,0,0,5,14,0,0,2,1,0,3,1,0,0,1,1,3,1
microRNA-122,0,0,0,5,0,0,0,0,0,9,2,0,2,0,0,0,0,0,0,0,0,0,3,1,1,1,0,0,0,0,0,4,0,0,0,0,0,0,0,0,0,0,0,0,0,0,0,0,0,0,0,0,0,2,2,0,0,0,1,3,0,1,0,3,0,0,15,74,0,0,23,0,0,6,1,0,0,1,2,0,0
miR-122,3,0,1,36,10,0,0,1,0,21,5,3,5,0,0,0,0,0,0,0,0,0,4,3,4,4,0,0,5,5,0,15,1,2,1,3,2,0,0,0,0,0,0,0,0,0,2,0,0,0,0,0,1,1,6,1,0,1,6,20,4,5,1,7,0,0,41,173,4,0,64,1,4,22,2,1,0,2,11,0,0
miRNAs,59,0,131,1458,849,5,1,38,21,168,73,107,73,0,52,6,51,0,17,126,0,0,26,11,14,14,0,0,62,73,2,682,5,183,10,90,18,0,22,0,1,9,3,4,3,0,21,11,0,0,0,0,22,10,95,27,0,13,457,538,74,468,46,401,0,0,182,605,13,1,258,14,62,223,32,36,1,41,176,17,14
miR-216a,0,0,0,6,1,0,0,0,0,3,1,0,1,0,0,0,0,0,0,0,0,0,0,0,0,0,0,0,0,0,0,1,0,0,0,1,0,0,0,0,0,0,0,0,0,0,0,0,0,0,0,0,1,0,0,0,0,0,5,2,1,5,1,2,0,0,1,1,0,0,0,3,11,3,0,0,0,0,1,0,0
miR-216b,0,0,0,2,1,0,0,0,0,0,0,0,0,0,0,0,0,0,0,0,0,0,0,0,0,0,0,0,0,0,0,0,0,0,0,0,0,0,0,0,0,0,0,0,0,0,0,0,0,0,0,0,0,0,0,0,0,0,0,1,0,0,0,1,0,0,0,0,0,0,0,1,3,1,0,0,0,0,0,0,0
miR-217,0,0,1,3,0,0,0,0,0,0,0,0,0,0,0,0,0,0,0,0,0,0,0,0,0,0,0,0,0,0,0,1,0,0,0,0,0,0,0,0,0,0,0,0,0,0,0,0,0,0,0,0,1,0,0,0,0,0,4,4,2,4,1,2,0,0,0,3,0,0,1,0,6,2,0,0,0,0,0,0,0
N-terminal pro-B-type natriuretic peptide,3,1,5,39,32,1,0,5,1,14,4,4,4,0,3,0,3,0,0,5,0,0,2,0,0,0,1,0,9,14,0,43,0,26,0,8,1,0,3,0,0,1,0,0,0,0,1,1,1,0,0,1,0,2,1,0,0,1,162,35,4,234,3,24,1,0,7,3,0,0,1,0,0,8,6,2,0,6,27,0,2
(NT-proBNP),17,0,12,133,99,2,0,14,3,53,14,16,14,0,6,0,6,0,1,10,0,0,3,1,1,1,1,0,24,30,0,134,1,54,2,21,3,0,11,1,0,7,0,0,0,0,1,1,1,0,0,0,1,6,2,0,0,1,603,97,11,837,13,77,1,0,62,9,0,0,5,0,0,22,23,15,0,25,119,0,2
OPN,9,0,9,156,90,0,0,6,0,30,7,9,7,0,3,5,3,0,3,7,1,0,6,2,2,2,0,0,9,9,0,174,0,57,0,6,0,0,4,0,0,0,2,2,0,0,3,1,0,0,0,0,2,0,7,2,0,1,77,113,12,90,13,103,0,0,15,61,2,0,47,2,6,18,4,2,1,6,14,6,0
Osteopontin,23,0,20,376,191,1,0,12,0,60,14,29,14,0,4,11,4,0,4,9,2,1,9,3,3,3,0,0,27,29,0,166,0,55,0,9,2,0,3,0,0,1,6,2,0,0,6,1,0,0,0,0,2,2,8,2,0,2,220,341,35,244,26,288,0,0,20,114,6,0,74,7,13,43,3,1,0,5,20,7,3
Polymorphonuclear elastase,3,0,11,86,51,5,0,15,5,30,19,27,19,0,24,0,24,0,0,24,0,2,4,2,4,4,0,0,8,12,1,58,9,31,4,10,5,0,7,2,0,3,1,1,1,0,0,0,0,0,0,0,0,1,4,2,0,3,20,11,2,24,1,12,0,0,6,15,1,0,9,32,94,36,29,9,0,29,38,0,0
PON1,1,0,1,16,7,1,0,1,0,8,0,0,0,0,1,0,1,0,0,1,0,0,2,0,0,0,0,0,0,0,0,36,0,8,0,7,2,0,0,0,0,0,1,1,1,0,0,0,0,0,0,0,1,1,1,0,0,0,67,9,1,82,1,7,0,1,4,30,0,1,11,0,0,7,3,3,0,3,4,1,0
Paraoxonase 1 normalized to prothrombin protein,0,1,1,1,1,0,0,1,1,1,1,1,0,1,0,1,1,0,1,0,0,0,1,0,1,0,0,1,1,1,1,1,0,1,1,1,1,0,0,0,0,1,1,1,0,0,1,1,0,0,0,0,0,0,1,0,0,0,1,1,1,1,1,1,1,0,1,1,0,0,1,1,0,1,0,0,0,0,1,0,1
Polymorpho-nuclear neutrophil elastase,0,1,0,1,0,0,0,0,0,0,1,1,1,0,0,1,0,0,1,0,1,0,0,0,0,0,0,0,0,0,0,0,0,0,0,0,0,0,0,0,0,0,1,1,1,0,1,0,0,0,0,0,0,0,0,0,1,0,0,0,0,0,0,0,0,0,0,0,0,0,0,0,0,0,1,0,0,1,1,0,0
(PMN),36,8,97,722,460,20,2,60,47,128,77,125,77,0,113,2,108,0,5,114,5,10,29,8,18,18,1,0,85,109,5,430,18,247,67,140,110,0,39,12,1,18,3,1,1,0,22,9,0,0,1,0,42,19,106,37,3,69,131,118,23,169,16,88,2,1,53,175,14,5,96,41,102,281,149,58,2,155,186,3,3
Paraxonase 1,0,0,0,0,0,1,0,0,0,0,0,0,0,0,1,0,1,1,1,1,0,0,0,0,1,1,0,0,1,1,0,0,0,0,0,0,0,0,0,0,0,0,1,1,1,0,0,0,0,0,0,0,1,0,1,0,0,0,0,0,0,0,0,0,0,1,0,1,0,1,0,0,0,0,0,0,0,0,0,0,0
Purine nucleoside phosphorylase,0,0,0,9,2,0,0,0,0,0,0,2,0,0,0,0,0,0,0,3,0,0,0,0,0,0,0,0,0,0,0,19,0,6,0,2,0,0,3,0,0,0,0,0,0,0,2,0,0,0,0,0,1,0,1,1,0,0,2,2,0,7,0,0,0,0,4,56,0,0,39,0,1,17,0,0,0,0,0,0,0
PNP,15,0,5,76,35,0,0,4,1,8,4,7,4,0,3,0,3,0,0,11,1,1,3,2,2,2,0,0,5,6,1,24,0,12,0,5,0,0,6,0,0,0,0,1,0,0,2,0,0,0,0,0,1,1,3,1,0,0,9,4,2,13,1,3,0,0,6,40,0,0,23,0,0,12,2,0,0,2,4,1,1
Procalcitonin,15,2,43,313,174,3,2,76,6,137,107,121,107,0,70,0,66,0,10,69,3,1,20,8,26,26,1,0,16,20,4,87,24,52,4,20,7,0,22,2,0,6,1,2,1,1,1,2,1,0,0,0,4,13,14,12,0,1,143,91,8,187,11,66,3,0,69,40,8,4,11,5,7,96,167,125,17,178,421,1,0
(PCT),25,2,37,351,222,3,2,72,8,105,90,90,90,0,59,0,50,2,10,56,1,2,13,5,15,15,0,0,17,19,1,192,9,135,4,36,6,0,38,1,0,11,1,1,1,0,2,1,1,0,0,0,2,7,11,11,0,2,162,77,10,186,9,62,2,0,56,51,7,3,21,1,3,73,107,81,13,115,271,4,1
Properdin,0,0,2,59,52,0,0,1,3,7,2,7,2,0,2,0,2,0,0,2,0,1,2,2,2,2,1,0,2,2,1,50,3,41,0,7,5,0,2,0,0,0,0,0,0,0,5,7,1,0,2,0,0,2,2,1,0,0,21,31,3,23,2,26,1,2,3,5,0,0,2,0,0,5,1,0,0,1,3,0,0
Protein C,26,1,87,617,357,9,3,67,14,121,83,120,83,0,57,0,52,0,5,65,2,0,12,7,15,15,2,0,72,77,224,1224,633,836,34,261,32,5,442,12,59,30,3,2,1,0,7,2,0,0,1,0,4,18,34,14,0,15,213,128,28,270,38,121,3,1,136,105,12,2,48,2,22,170,273,127,17,284,404,2,1
(PAF),34,1,25,310,190,3,1,17,2,56,22,28,22,0,28,3,28,0,6,42,0,4,5,2,3,3,0,0,15,22,3,222,27,140,10,72,40,0,14,3,1,1,1,2,1,0,8,3,0,0,0,0,43,16,113,16,1,42,83,85,6,95,2,67,1,1,21,81,2,0,41,9,23,101,61,23,2,63,85,4,0
Platelet-activating factor,24,1,30,371,213,2,1,13,3,72,20,33,20,0,41,4,41,0,4,57,0,5,10,2,2,2,0,0,16,32,15,384,54,255,13,102,49,1,39,2,1,5,0,1,0,0,14,5,0,0,0,0,57,24,139,20,0,51,99,134,12,110,7,106,1,1,28,113,2,1,52,11,39,159,94,42,3,99,132,0,2
Plasminogen activator inhibitor,17,5,62,557,301,2,0,56,5,115,72,85,72,0,31,3,30,0,2,47,6,5,32,13,23,23,0,0,32,49,95,913,272,562,26,228,27,0,128,2,22,15,7,4,0,0,7,2,0,0,0,0,7,6,28,19,0,5,277,251,26,300,33,225,2,0,53,142,10,3,99,3,15,114,101,47,3,103,164,4,1
(TFF3),1,0,1,27,7,0,0,0,0,6,1,3,1,0,0,0,0,0,0,0,1,0,1,0,0,0,0,0,1,1,0,13,0,6,0,2,2,0,1,0,0,0,0,0,0,0,2,0,0,0,0,0,20,2,67,14,0,2,19,28,2,19,1,21,0,0,1,13,1,0,1,1,4,7,1,1,0,2,3,0,0
Trefoil Factor 3,1,0,2,26,10,0,0,0,0,6,1,3,1,0,0,0,0,0,0,0,1,0,1,0,0,0,0,0,1,1,0,14,0,6,0,2,2,0,2,0,0,0,0,0,0,0,2,0,0,0,0,0,18,3,66,15,0,1,21,35,3,21,2,23,0,0,2,13,1,0,0,1,4,5,1,1,0,2,2,0,0
Troponin,130,0,99,1240,877,4,1,82,121,402,117,163,117,0,41,4,37,0,9,66,2,0,70,15,21,21,1,0,411,693,7,674,8,472,16,93,36,0,96,2,0,20,3,2,2,1,11,4,1,0,1,1,6,9,18,9,0,15,918,346,60,1148,68,382,3,3,82,137,29,2,52,5,16,264,86,47,2,106,242,5,31
SDH,80,1,34,762,685,2,2,96,46,84,77,125,77,0,23,0,21,0,9,28,2,5,6,4,4,4,1,0,7,9,37,722,4,707,26,46,8,0,121,2,11,202,2,2,0,0,2,0,0,0,0,0,1,0,2,0,0,1,31,33,9,33,13,29,3,1,13,137,8,1,61,1,5,28,1,1,0,1,2,1,5
Sorbitol dehydrogenase,0,0,1,18,11,0,0,0,1,11,3,5,3,0,3,1,3,0,0,3,0,0,1,0,0,0,0,0,0,0,0,28,2,13,1,4,3,0,4,1,0,1,0,0,0,0,9,1,0,0,0,0,4,0,4,0,0,0,8,35,4,9,2,24,0,0,15,261,8,1,127,0,2,38,2,1,0,2,3,0,0
Suppressor T-cells,11,0,40,276,211,0,0,10,10,25,14,36,14,0,17,0,16,0,1,21,1,3,8,7,8,8,1,0,11,9,0,327,3,64,2,16,6,0,11,0,0,1,0,0,0,0,94,73,4,1,3,0,3,12,9,5,0,6,81,41,5,86,4,35,0,0,37,86,4,0,28,1,6,20,10,4,0,11,27,3,0
Trypsinogen-2,0,0,0,1,0,0,0,0,0,3,0,0,0,0,0,0,0,0,0,0,0,0,0,0,0,0,0,0,0,0,0,0,1,0,0,0,0,0,0,0,0,0,0,0,0,0,0,0,0,0,0,0,0,0,0,0,0,0,0,0,0,1,0,0,0,0,1,1,0,0,1,1,7,0,2,1,0,2,5,0,0
Trypsin-2-a1antitrypsin complex,5284,39,3338,37429,25591,158,73,2668,1255,3417,2915,3998,2915,13,2414,193,2281,13,732,3672,125,175,1114,815,1057,1057,179,18,1280,1398,499,17068,984,10773,303,2811,456,8,2251,63,128,526,956,1020,583,92,409,247,39,0,31,42,382,725,1055,702,50,188,6737,3793,654,7749,666,3190,34,37,2473,3156,409,75,1350,228,424,2391,930,600,85,1096,2592,795,357
Trypsin-2-AAT,0,0,0,0,0,0,0,0,0,1,0,0,0,0,0,0,0,0,0,0,0,0,0,0,0,0,0,0,0,0,0,0,0,0,0,0,0,0,0,0,0,0,0,0,0,0,0,0,0,0,0,0,0,0,0,0,0,0,0,0,0,1,0,0,0,0,0,0,0,0,0,0,1,0,1,0,0,0,0,0,0
Tuftsin,0,0,3,17,10,0,0,0,1,0,0,0,0,0,0,0,0,0,0,0,0,2,9,7,8,8,1,0,0,0,2,14,1,9,0,1,0,0,0,0,1,1,0,0,0,0,9,12,2,0,1,0,0,1,1,1,0,0,0,0,1,0,0,0,0,0,1,2,1,0,1,0,2,2,0,0,0,0,0,0,0
The post-traumatic plasma levels of soluble tumor necrosis factor receptors p55 and p75,0,0,0,0,0,0,0,0,0,0,0,0,0,0,0,0,0,0,0,0,0,0,0,0,0,0,0,0,0,0,0,0,0,0,0,0,0,0,0,0,0,0,0,0,0,0,0,0,0,0,0,0,0,0,0,0,0,0,0,0,0,0,0,0,0,0,0,0,0,0,0,0,0,0,0,0,0,0,0,0,0
Valproic acid,18,1,27,324,237,1,1,19,12,24,16,49,16,3,20,4,18,0,0,29,1,0,8,1,3,3,0,0,5,5,8,258,7,161,50,83,56,0,31,23,7,27,0,0,0,0,4,4,2,0,0,0,0,2,9,9,0,0,85,58,15,106,16,51,1,1,200,309,16,9,118,2,9,25,19,8,3,22,34,0,1
(VPA),20,1,18,162,113,1,1,9,4,12,8,27,8,3,15,4,13,0,0,18,1,0,4,0,1,1,0,0,3,3,3,123,2,85,44,59,47,0,22,20,4,23,0,1,0,0,4,4,2,0,0,0,0,0,7,9,0,0,25,20,10,26,10,22,0,0,61,121,9,4,55,0,4,20,4,6,0,4,7,0,0
Vascular endothelial growth factor,148,2,224,2979,1928,7,0,84,31,268,96,153,96,0,50,43,49,0,30,149,7,8,86,22,23,23,0,0,124,137,11,3205,39,1602,27,483,35,0,217,3,0,38,27,18,1,0,49,17,1,0,0,0,22,27,113,49,1,29,825,742,86,933,84,659,0,1,184,382,36,5,206,27,70,329,40,44,8,46,165,36,19
(VEGF),128,2,176,2484,1616,5,0,81,26,212,83,143,83,0,42,43,40,0,23,118,5,10,63,16,19,19,0,0,95,107,5,2606,20,1320,17,314,22,0,166,1,0,34,22,14,1,0,31,11,1,0,0,0,16,15,90,39,1,17,588,573,70,677,61,522,0,1,140,318,29,2,169,26,59,229,30,33,5,39,125,34,18
Venous thromboembolism,155,2,411,1861,1141,11,7,259,82,252,248,147,248,0,169,0,160,4,19,174,1,1,53,39,56,56,12,0,94,68,87,3472,161,3313,45,427,18,1,478,3,23,85,96,116,79,13,19,20,3,0,9,0,3,16,10,8,0,14,391,86,34,533,70,66,4,2,72,38,14,4,18,4,6,56,41,18,2,45,84,25,10
(VTE),61,0,229,831,469,3,3,163,48,150,152,65,152,0,82,0,75,3,11,79,1,0,19,15,24,24,9,0,51,34,27,1423,37,1365,18,152,5,1,211,1,10,45,50,58,45,8,11,10,0,0,7,0,0,2,0,1,0,2,154,21,12,196,24,17,3,2,22,13,5,2,6,1,1,19,4,2,0,5,19,5,5
Albumin,673,16,487,5828,3897,37,9,468,131,1057,530,707,530,2,253,46,239,2,40,359,31,56,297,124,206,206,11,0,329,418,61,7928,201,3208,146,879,438,0,623,36,11,121,34,30,10,3,186,95,7,0,2,3,156,301,391,217,8,135,9896,3320,492,11006,500,2788,31,20,3053,2560,300,32,1188,63,174,979,560,307,29,614,1367,33,29
Amylase,80,1,71,887,517,8,0,45,171,327,103,135,103,0,37,2,35,0,6,63,49,34,336,244,311,311,119,6,73,72,6,733,29,526,17,243,37,0,143,3,1,15,10,14,3,0,73,54,6,0,19,28,87,52,152,105,5,26,341,177,52,401,45,140,2,5,130,267,40,5,95,561,1186,235,117,62,8,131,196,1,4
ALT: alanine aminotransferase,77,0,39,724,198,6,0,20,26,314,53,107,53,0,30,2,27,0,9,52,17,1,107,35,41,41,18,0,25,43,6,789,29,254,29,153,82,0,64,2,0,5,3,1,0,0,95,19,0,0,3,0,34,27,138,35,0,23,227,333,64,262,39,217,1,1,968,4834,126,18,2759,10,80,492,88,75,4,101,174,1,6
ALP: alkaline phosphatase,52,0,24,506,253,0,1,23,4,52,24,40,24,0,7,15,7,1,7,14,1,0,16,4,7,7,3,0,6,8,3,336,11,39,1,16,3,0,7,0,0,0,5,7,10,0,19,7,0,0,2,1,12,10,30,15,0,2,199,141,33,218,23,91,0,0,124,812,32,3,450,3,10,84,5,6,0,7,26,25,5
AST: aspartate aminotransferase,73,0,32,580,171,5,0,19,24,201,49,81,49,0,23,0,20,0,7,35,15,2,98,36,43,43,17,0,19,34,4,456,21,199,18,113,50,0,50,2,0,5,3,1,0,0,60,17,0,0,2,0,28,24,105,29,0,18,146,261,46,175,30,168,1,2,576,3197,94,15,1880,8,58,362,68,53,6,79,128,0,14
Arterial pressure,2487,15,507,6791,4745,70,19,625,374,1009,689,1601,689,3,412,16,380,4,58,490,119,58,475,245,357,357,46,4,707,880,116,10216,98,7168,914,2989,2394,4,1394,202,30,451,135,123,60,12,131,121,14,0,16,3,178,168,415,263,21,282,4157,1586,366,4997,454,1568,49,39,910,843,189,63,423,53,91,1151,566,329,26,599,1454,16,25
Arterial partial pressure of carbon dioxide,79,0,10,242,208,4,0,34,20,45,30,71,30,0,11,0,11,0,0,11,4,1,15,6,10,10,2,0,35,39,2,265,3,188,8,73,63,0,35,5,0,15,2,1,1,0,2,0,0,0,0,0,7,7,13,2,1,7,29,19,7,31,7,15,0,1,23,18,2,1,10,1,4,38,24,12,0,25,51,0,0
Arterial partial pressure of oxygen,115,0,35,456,358,4,0,58,24,100,58,142,58,0,25,0,23,1,7,27,6,0,29,11,18,18,2,0,95,120,8,444,12,312,22,139,114,0,86,9,0,23,4,1,2,0,4,1,0,0,0,0,8,11,21,4,0,10,72,49,14,86,14,46,2,1,56,53,10,3,25,5,8,117,56,34,3,59,129,0,1
Arterial Ph,3348,23,1198,15880,10654,90,19,907,753,1926,1140,2243,1140,3,591,70,563,3,117,901,113,86,1370,603,757,757,66,6,1591,1982,195,20854,336,14014,986,4365,2729,6,2229,201,48,614,178,161,59,22,293,221,24,0,19,5,449,342,980,440,35,1042,8290,3106,682,9657,805,3104,67,54,1907,1735,333,86,951,116,266,2354,828,455,50,890,2349,43,95
BUN,57,0,31,437,195,4,0,31,8,142,48,87,48,0,26,2,25,0,8,47,6,3,67,13,18,18,2,0,9,14,6,542,28,200,6,83,31,0,53,3,0,4,7,4,2,1,28,9,0,0,0,0,18,23,39,18,1,8,1983,1863,285,2119,246,1669,16,15,206,312,28,3,122,12,38,278,119,78,2,125,214,1,1
Blood urine nitrogen,69,2,41,356,223,3,0,17,4,89,32,59,32,1,44,2,42,0,5,49,2,3,39,16,26,26,2,0,6,10,1,632,15,192,3,34,11,0,31,0,0,5,4,2,1,0,10,4,0,0,0,0,9,19,21,15,0,0,1189,991,149,1270,142,886,14,14,92,136,30,1,51,1,4,95,29,19,0,31,79,2,0
Bilirubin,88,0,82,996,457,10,1,82,53,441,110,158,110,0,75,1,74,0,12,107,18,20,199,66,92,92,20,0,39,58,21,2102,118,1290,24,211,49,0,314,8,1,33,12,8,2,1,69,21,0,0,2,4,61,205,151,50,0,32,950,719,78,1306,79,523,5,5,3839,3954,200,30,1929,26,117,475,323,174,8,367,803,0,5
Blood pressure,8347,45,1610,21437,15719,176,47,2384,1502,3469,2588,4110,2588,5,1290,35,1212,8,185,1583,344,196,1532,925,1221,1221,262,16,2095,2554,385,37661,427,20677,1719,6521,4682,10,3467,426,122,1270,413,416,214,51,425,357,49,0,94,33,382,478,888,564,56,532,18841,6114,1139,21701,1317,5901,140,122,2730,2379,507,139,1170,132,276,3079,1248,664,62,1340,3892,125,126
"Complete blood counts,",,,,,,,,,,,,,,,,,,,,,,,,,,,,,,,,,,,,,,,,,,,,,,,,,,,,,,,,,,,,,,,,,,,,,,,,,,,,,,,,,
Creatinine,525,4,292,3823,2139,44,4,399,116,2028,440,619,440,1,221,14,206,3,50,340,48,30,627,135,194,194,32,0,125,244,49,7451,189,3047,79,716,218,0,762,16,5,51,105,68,21,10,120,31,0,0,2,1,102,363,258,103,5,59,33067,17103,2038,35414,2063,14899,144,147,2617,2107,161,23,708,52,211,1964,745,458,33,846,2270,14,43
Calcium,1703,8,1021,15652,12013,34,11,780,205,980,622,1316,622,0,310,180,307,4,112,553,15,25,178,60,99,99,5,0,334,458,77,8630,118,3231,146,796,273,2,511,21,15,180,125,117,140,7,84,50,5,0,1,1,129,627,483,244,3,130,11698,3054,661,12873,695,2652,31,29,891,1539,175,10,536,66,257,1029,228,123,10,262,1085,218,133
Estimated glomerular filtration rate,38,0,14,232,145,1,0,29,2,230,25,28,25,0,4,0,4,0,8,11,2,0,61,4,8,8,1,0,11,24,0,1144,3,417,0,72,6,0,87,0,0,3,4,3,3,0,4,2,0,0,1,0,3,19,6,1,0,6,9060,1951,167,9163,167,1668,6,7,222,143,3,1,19,1,7,130,38,20,0,58,326,3,0
EGFR,42,0,55,709,463,1,0,25,4,196,22,46,22,0,6,3,6,0,11,28,1,2,43,3,5,5,1,0,24,40,0,995,11,389,0,64,4,0,87,0,0,4,5,2,2,0,3,2,0,0,1,0,31,25,101,21,0,7,6820,1584,146,6900,138,1350,5,5,263,264,9,0,72,3,30,153,32,14,0,47,288,4,3
Full blood cell count,18,0,14,104,78,0,0,11,7,18,12,11,12,0,9,0,9,0,2,9,0,2,7,3,5,5,0,0,6,4,6,185,11,112,1,16,3,1,32,1,2,2,0,2,0,0,8,7,0,0,1,0,2,2,5,4,0,1,20,10,6,31,9,11,0,0,12,16,8,1,5,0,0,8,4,2,0,5,9,0,1
Glucose,1239,16,552,7328,4961,39,10,480,151,937,575,1061,575,1,295,28,275,0,53,407,38,35,305,132,204,204,11,0,178,236,42,17414,104,3134,149,1061,494,0,500,32,15,184,38,35,18,4,118,59,10,0,7,0,206,335,461,203,13,77,6204,3016,433,7019,389,2502,24,23,1900,2821,366,39,1325,269,815,1179,345,225,15,381,1087,63,55
Hemoglobin,714,11,438,4938,3275,30,4,630,268,862,642,698,642,1,351,15,327,2,50,405,47,48,360,252,335,335,81,5,187,246,178,16445,257,9762,354,1570,775,1,1648,82,49,300,150,143,62,14,227,184,15,0,50,9,81,141,173,101,6,48,7300,1371,282,8158,312,1189,25,21,854,809,143,22,332,42,102,576,261,125,13,294,701,22,20
Hematocrite,0,0,0,7,5,0,0,1,1,330,263,293,263,0,1,0,1,1,0,1,0,1,1,1,1,1,1,0,0,0,0,12,0,7,1,1,1,1,4,0,0,0,0,0,0,0,0,0,0,0,0,0,0,0,0,0,0,0,6,0,0,7,1,1,0,0,1,361,1,0,1,0,0,4,2,0,0,2,294,0,0
Heart rate,4674,27,709,9255,6428,52,26,987,522,1507,1065,1255,1065,1,430,13,412,0,97,576,51,40,439,261,346,346,77,1,1117,1384,83,11085,121,6851,370,1855,1076,1,1427,85,22,223,116,103,59,16,128,85,18,0,22,9,85,290,232,156,6,100,8716,2133,324,10716,396,1764,38,28,1521,803,201,37,258,42,80,1131,775,378,43,873,2560,92,66
Lactate,1170,11,523,7329,4900,67,15,650,294,1205,824,1212,824,3,435,910,412,4,84,530,89,39,378,184,291,291,35,0,404,535,145,5475,207,3399,661,1916,1623,3,713,166,56,291,79,74,40,13,179,127,15,0,12,7,253,210,687,284,25,229,1784,1880,373,2175,359,1495,32,32,1393,3272,325,56,1492,59,195,1652,713,406,30,775,1512,37,102
Lactate dehydrogenase,224,1,141,2081,1198,10,1,41,65,311,101,218,101,0,50,19,49,0,14,85,6,4,97,45,59,59,10,0,205,269,19,1367,103,769,55,317,131,0,143,13,4,25,9,7,1,0,76,36,3,0,3,1,79,40,221,62,3,52,675,1061,180,792,140,822,6,13,493,2339,128,19,1075,28,114,836,150,92,10,167,282,9,53
(LDH),139,1,95,1227,603,7,0,42,33,199,71,146,71,0,32,12,29,0,13,60,7,6,60,21,30,30,8,0,127,172,6,802,58,445,20,154,51,0,103,2,1,8,6,7,2,0,43,15,0,0,0,0,48,17,119,40,4,27,374,612,105,460,78,484,4,4,261,1365,44,6,682,22,79,523,96,49,5,108,174,6,25
Lipase,34,0,27,403,220,1,0,21,40,145,45,51,45,0,29,3,28,0,2,35,14,6,125,60,102,102,24,0,33,33,8,722,13,214,14,117,26,0,59,2,4,8,9,11,6,1,36,20,3,0,6,4,27,48,67,40,0,12,349,133,25,388,21,103,1,1,187,231,21,2,128,200,544,103,60,43,5,69,117,2,1
Neutrophils,292,30,497,4978,3298,56,12,227,174,884,355,630,355,0,362,41,345,2,43,448,23,61,193,65,113,113,3,0,595,785,30,3384,188,1889,231,755,375,1,365,37,5,79,24,12,6,0,286,131,15,0,1,2,261,164,819,289,16,328,1079,1053,178,1211,122,814,4,7,491,1673,131,22,921,130,490,1470,569,273,16,607,885,19,26
(NO),0,0,0,0,0,0,0,0,0,0,0,0,0,0,0,0,0,0,0,0,0,0,0,0,0,0,0,0,0,0,0,0,0,0,0,0,0,0,0,0,0,0,0,0,0,0,0,0,0,0,0,0,0,0,0,0,0,0,0,0,0,0,0,0,0,0,0,0,0,0,0,0,0,0,0,0,0,0,0,0,0
Nitric oxide,465,9,456,5071,2971,28,6,156,73,724,226,439,226,1,135,86,131,0,29,259,8,18,195,52,66,66,0,0,436,580,9,3489,42,1737,167,761,450,0,298,16,4,73,92,43,4,1,231,100,8,0,2,0,335,200,950,277,6,341,2138,2295,289,2428,262,2057,5,15,781,2600,127,19,1470,45,270,1554,436,334,14,477,933,21,37
Mean arterial BP,52,1,8,78,49,2,0,11,5,14,11,14,11,0,5,0,4,0,2,8,1,0,5,2,6,6,3,0,11,11,1,238,0,134,13,43,21,0,22,3,1,7,3,2,1,1,2,2,1,0,1,0,0,0,1,2,0,1,232,34,9,261,10,37,0,0,7,5,1,1,0,0,0,14,8,7,0,9,30,0,1
(PaO2),142,2,84,993,732,13,3,205,82,353,195,326,195,1,130,5,123,0,10,136,13,4,48,15,31,31,3,0,295,397,6,495,19,341,33,116,77,0,151,9,3,20,8,6,4,2,6,5,0,0,0,0,11,15,33,18,1,14,138,80,21,177,21,68,4,3,85,75,22,2,23,7,22,264,178,97,8,192,363,0,3
Platelets,205,6,346,3619,2144,27,18,256,110,456,304,463,304,0,222,20,211,1,39,273,11,14,165,99,124,124,14,0,110,174,634,11441,1435,8825,232,2082,333,11,1958,60,138,209,32,32,17,6,139,105,7,0,6,1,27,36,106,55,5,97,1131,591,116,1449,112,468,10,11,571,629,94,31,234,11,42,414,214,106,14,239,423,48,8
Potassium,436,6,194,3509,2555,20,2,89,77,370,186,398,186,0,83,4,81,0,23,148,6,9,114,44,61,61,5,0,139,236,20,4192,36,1511,86,486,287,0,215,18,4,62,27,19,6,2,32,20,3,0,0,0,81,199,189,85,4,54,5026,1914,262,5570,270,1659,27,23,651,748,69,10,249,19,52,750,104,55,10,122,460,10,41
Phosphate,459,12,295,6287,4312,13,5,295,63,343,174,446,174,0,104,304,104,0,47,194,5,18,88,21,37,37,2,0,204,255,14,3268,43,1028,47,372,164,0,167,4,2,40,54,42,32,2,85,44,3,0,1,0,83,328,235,96,2,46,6442,1409,289,6876,287,1267,11,11,547,1046,117,4,487,21,83,504,81,53,8,93,376,84,47
Platelets and pH-value,0,0,0,0,0,0,0,0,0,0,0,0,0,0,0,0,0,0,0,0,0,0,0,0,0,0,0,0,0,0,0,5,0,0,0,0,0,0,0,0,0,0,0,0,0,0,0,0,0,0,0,0,0,0,0,0,0,0,0,0,0,0,0,0,0,0,0,0,0,0,0,0,0,0,0,0,0,0,0,0,0
Prothrombin time,102,4,118,1226,830,16,9,213,85,283,208,279,208,0,124,3,116,2,16,130,10,9,78,44,64,64,9,0,31,41,591,3761,1001,3383,131,921,143,9,840,24,142,113,13,16,10,3,29,19,4,0,4,0,4,26,19,17,2,10,345,196,46,485,71,185,4,2,1216,662,83,18,320,4,14,138,131,72,3,144,265,4,4
(PaCO2),100,1,38,525,430,2,0,75,29,89,63,206,63,0,35,0,30,0,3,32,3,4,11,3,14,14,1,0,84,98,1,377,4,262,16,69,44,0,89,6,0,20,1,0,0,0,5,2,0,0,0,0,6,7,12,5,1,6,70,30,10,84,11,29,1,1,41,19,5,0,12,3,7,47,38,23,2,42,75,0,0
Respiration rate,1268,6,549,4991,3477,47,14,927,331,1207,948,967,948,1,521,6,492,3,57,590,46,22,295,170,233,233,50,1,813,997,51,3368,171,2393,108,468,276,0,733,28,14,81,72,63,31,9,55,41,3,0,11,3,41,169,120,92,7,38,1362,693,151,2072,263,673,29,21,614,122,114,18,163,23,45,712,761,361,55,846,1546,64,31
Red cell count,114,1,54,887,631,1,0,71,70,106,76,82,76,0,40,2,38,1,6,50,17,32,98,85,92,92,38,10,26,28,45,2148,93,1349,29,191,54,0,222,4,8,33,14,18,7,1,96,75,6,0,6,12,26,12,38,30,1,11,467,143,35,565,38,117,1,3,105,150,42,4,52,3,7,89,32,14,2,40,79,6,3
Total and segmented leukocytes,1,0,0,5,5,0,0,0,0,1,1,1,1,0,0,0,0,0,0,0,0,0,1,1,1,1,0,0,0,0,0,1,0,1,1,1,0,0,0,0,0,0,0,0,0,0,1,1,0,0,0,0,0,0,0,0,0,0,0,0,0,0,0,0,0,0,0,0,0,0,0,0,0,0,0,0,0,0,0,0,1
Total T lymphocytes,15,1,44,301,224,0,1,16,12,39,21,62,21,0,18,1,18,0,1,24,1,5,10,5,7,7,3,0,8,12,0,394,5,100,3,35,7,0,26,1,0,1,0,0,0,0,90,68,1,0,5,0,9,10,26,21,1,15,112,48,6,115,6,44,1,0,42,68,11,1,23,0,8,37,13,8,0,15,42,0,2
(TTL),25,0,7,80,52,0,0,7,3,11,11,4,11,0,1,0,1,0,0,4,0,0,3,3,3,3,1,0,3,2,0,6,0,1,0,2,0,0,0,0,0,0,1,1,0,0,1,1,0,0,0,0,0,0,0,0,0,0,1,1,1,0,0,0,0,0,0,1,0,0,1,0,0,1,0,0,0,0,0,17,2
Urea,384,3,204,3182,2104,12,1,125,56,648,200,382,200,0,119,31,113,0,23,197,22,25,234,67,98,98,11,0,94,134,28,4501,135,1721,60,515,164,0,333,8,1,49,30,24,7,3,139,83,2,0,0,1,109,237,239,116,3,49,10835,6805,928,11664,877,6119,63,65,1655,1833,196,20,762,52,265,1045,363,223,14,393,889,7,17
White blood cell count,432,13,282,3257,2295,19,2,250,142,507,347,414,347,0,197,6,183,1,23,227,34,46,235,162,223,223,61,12,197,235,41,4435,236,1954,65,536,122,1,435,10,7,50,31,0,11,1,304,254,10,0,20,21,103,92,216,145,5,69,1260,499,97,1512,97,376,7,5,570,680,118,13,235,40,102,473,291,136,11,322,572,23,11
(WBC),399,14,258,3140,2249,21,3,212,138,476,313,382,313,0,179,6,166,1,22,207,27,46,203,137,182,182,52,8,175,218,31,4066,233,1827,60,515,134,1,391,9,5,53,23,26,8,0,302,256,12,0,18,18,92,78,200,127,4,63,1176,454,90,1390,89,349,5,4,517,661,114,13,245,37,98,471,273,128,12,296,529,25,16
Sodium,1133,6,514,9441,6839,39,6,399,158,1030,491,1063,491,0,160,59,151,0,48,295,34,63,336,148,200,200,15,0,333,457,72,10286,222,4927,262,1619,867,2,770,52,15,156,69,57,22,3,146,100,5,0,5,5,339,402,1211,406,15,203,9802,4701,636,10965,605,4146,72,70,1757,1801,176,33,709,104,392,1205,256,138,19,283,961,55,73
PaO2,142,2,84,993,732,13,3,205,82,353,195,326,195,1,130,5,123,0,10,136,13,4,48,15,31,31,3,0,295,397,6,495,19,341,33,116,77,0,151,9,3,20,8,6,4,2,6,5,0,0,0,0,11,15,33,18,1,14,138,80,21,177,21,68,4,3,85,75,22,2,23,7,22,264,178,97,8,192,363,0,3
(SCr),49,0,10,255,139,3,3,30,6,169,37,34,37,0,8,1,8,0,4,14,4,0,41,6,9,9,1,0,5,12,2,256,1,84,1,16,6,0,22,1,0,2,9,5,1,0,8,1,0,0,1,0,3,6,10,2,0,3,1590,1275,112,1637,92,1007,5,8,70,120,4,1,25,4,12,121,38,31,0,42,104,2,1
Temperature,5258,17,887,17793,13584,46,13,792,275,1277,1058,1716,1058,0,387,116,371,2,164,623,36,64,366,210,294,294,29,1,424,502,257,8132,245,3680,234,1260,400,6,607,45,53,229,79,69,24,6,142,124,7,0,5,6,189,148,566,414,19,71,1155,1094,367,1436,316,873,13,15,589,1533,402,23,568,52,134,1623,339,191,26,381,861,124,140
AUROCs,4,0,5,29,17,0,0,21,1,14,10,5,10,0,2,0,2,0,0,3,0,0,0,0,1,1,0,0,1,1,2,13,0,10,2,2,2,0,2,0,2,0,1,1,1,1,0,0,0,0,0,0,0,1,0,0,0,0,8,7,1,8,0,3,0,0,34,6,0,0,0,0,0,1,2,0,0,2,11,1,0
AUC,279,1,176,1895,1481,14,5,654,107,620,453,312,453,0,145,1,129,1,57,181,11,5,57,29,41,41,7,0,84,100,29,1393,36,825,26,148,30,0,162,8,7,62,36,37,22,5,12,4,0,0,1,5,7,60,64,39,1,11,1431,772,55,1589,59,513,2,5,415,312,21,5,118,6,29,185,138,92,10,160,538,47,3
Area under the receiver operating characteristic curve,390,3,227,2422,1943,12,10,1023,183,927,722,428,722,0,193,0,182,5,59,227,12,7,81,41,57,57,8,1,113,135,45,1434,60,1147,45,184,48,1,176,11,21,85,56,57,41,8,7,4,0,0,2,1,2,31,39,37,2,4,1275,832,72,1423,71,538,8,8,519,228,22,4,60,5,16,205,244,151,8,263,798,61,4
Biochemical,1094,10,708,8639,5830,34,5,452,194,1200,574,955,574,0,277,71,265,0,89,532,27,24,360,129,182,182,14,0,368,491,70,6855,180,2475,105,953,224,0,493,18,14,113,108,95,46,5,207,90,5,0,1,3,217,354,642,290,6,141,5018,2572,504,5672,471,2155,24,20,2777,4938,296,28,2387,107,332,1446,439,291,24,502,1254,135,103
Biochemical marker,1549,32,1398,16488,11663,97,31,1443,607,4221,1990,2022,1990,1,747,76,696,11,258,1202,70,53,577,171,258,258,30,3,823,1178,167,17487,623,6661,227,1901,356,3,1071,41,47,308,169,135,45,6,430,230,20,0,10,7,348,537,1115,460,13,227,14690,8420,960,15839,819,6686,26,37,3385,5922,339,44,2642,148,479,2778,1134,706,56,1265,3170,242,144
Biochemical panel,3,0,2,21,11,1,0,1,0,6,2,0,2,0,1,0,1,0,1,3,0,0,0,0,1,1,0,0,1,1,0,35,0,12,0,8,0,0,3,0,0,0,1,1,0,0,0,0,0,0,0,0,0,3,0,0,0,0,26,10,2,22,1,9,0,0,16,17,1,0,6,1,1,5,1,1,0,2,7,0,0
Biomarkers,1520,31,1382,16299,11537,97,31,1429,602,4176,1974,1997,1974,1,740,75,689,11,256,1189,70,53,575,170,257,257,30,3,811,1160,166,17317,619,6623,225,1882,351,3,1069,41,47,307,166,134,44,6,423,227,20,0,10,7,337,532,1087,457,13,218,14535,8354,948,15660,805,6634,26,36,3336,5754,332,44,2551,145,470,2738,1130,698,56,1260,3147,239,143
Biomarker panel,16,1,23,217,159,4,2,22,11,83,43,37,43,0,14,0,14,0,11,29,1,0,8,2,2,2,0,0,10,13,3,257,2,78,3,38,5,0,16,1,1,4,5,3,1,0,4,2,0,0,0,0,4,9,6,3,0,1,232,182,19,242,12,124,2,3,47,93,6,2,34,2,6,56,12,14,0,17,53,4,3
Biochemical parameters,187,1,99,1188,752,5,1,105,27,230,102,125,102,0,50,11,48,0,7,88,8,2,81,22,27,27,2,0,81,100,16,1421,26,418,15,154,50,0,98,1,4,17,16,13,9,1,53,21,0,0,0,0,45,53,118,45,2,24,1473,702,127,1643,116,570,5,3,555,1223,62,3,618,21,61,320,106,72,5,118,244,15,11
Clinical factors,9657,89,5297,53747,39467,173,120,7522,2170,8577,7321,6680,7321,10,2816,160,2667,16,864,4052,216,173,1624,1072,1514,1514,294,34,1970,2246,675,36725,1061,27259,470,4832,605,6,5373,66,169,1068,1095,1173,529,69,351,280,32,0,93,72,389,1145,1285,1043,62,195,21553,6499,1151,25141,1440,5609,111,87,5589,3881,511,82,1502,225,435,2966,1924,944,104,2167,5401,1355,428
Clinical variable,836,2,365,4398,3061,10,8,628,225,740,618,558,618,1,255,12,245,0,110,396,27,15,136,90,124,124,32,3,153,174,44,2912,78,2056,42,434,41,2,480,6,12,92,80,94,43,10,21,20,4,0,5,6,38,118,91,70,1,15,1508,426,54,1793,100,404,4,2,565,302,26,4,130,17,36,221,160,104,16,198,439,143,51
Clinical parameters,2172,11,753,10181,7572,45,17,1830,332,1730,1344,1318,1344,1,546,27,502,6,190,738,48,33,376,224,329,329,65,4,493,567,191,8664,333,4754,146,909,228,2,1193,35,47,233,249,298,130,14,102,70,12,0,24,8,103,218,331,249,5,56,4919,1407,250,5684,307,1296,27,20,1549,1222,166,27,538,66,117,864,508,284,29,570,1341,218,97
Coagulation tests,103,5,164,1637,1153,14,13,221,101,281,262,355,262,0,159,4,149,0,13,165,5,13,79,61,83,83,12,0,45,54,919,5449,2200,5034,177,1655,208,15,1096,40,219,155,17,20,7,3,27,22,2,0,0,1,5,16,17,13,2,12,484,239,67,629,69,199,3,1,614,349,77,18,118,6,17,110,142,65,8,156,250,4,3
Diagnosis,97155,414,26536,537984,432838,1157,664,42450,28857,45818,40813,45591,40813,42,18104,1288,17295,104,4272,26460,2171,4156,23611,19106,22608,22608,5030,262,28154,29878,4191,304947,8276,231415,4322,37070,7587,37,31372,683,895,9642,11871,12710,5699,1019,7262,6766,878,3,1260,1017,6110,7910,14393,13617,789,2334,111994,43233,11229,127243,11131,36428,861,866,35601,31399,7367,1081,12309,3687,4672,19889,9821,3898,521,11129,27104,8788,4761
Diagnostic,97819,425,27297,546876,438272,1195,681,43006,29319,46653,41663,46525,41663,45,18633,1310,17780,112,4392,27088,2227,4231,24027,19418,23047,23047,5144,279,28520,30230,4268,308274,8410,233986,4406,37912,7691,37,31899,706,920,9776,12062,12941,5795,1039,7365,6866,900,3,1286,1038,6194,8038,14602,13801,812,2366,113333,44047,11395,128838,11331,37102,880,878,36179,32074,7488,1111,12618,3748,4751,20293,9979,3990,546,11340,27639,8983,4811
Diagnostic modelling,172,0,49,688,515,0,1,84,30,71,77,66,77,0,28,2,28,0,25,49,1,0,9,6,9,9,3,0,16,19,4,242,0,0,1,24,2,0,23,0,1,8,12,17,10,0,2,2,0,0,0,0,0,3,6,7,0,1,167,34,13,189,18,26,1,1,47,24,6,0,5,1,4,22,9,7,0,13,32,45,8
Independent predictors,554,7,347,3053,2280,22,18,1140,296,1136,935,519,935,2,378,2,359,4,54,496,33,10,182,137,183,183,55,3,207,232,66,3083,38,2370,36,398,40,3,437,6,30,120,109,112,75,11,30,28,4,0,16,12,15,84,50,53,4,11,2874,850,96,3566,144,652,10,6,793,213,42,6,67,26,29,228,216,116,13,246,729,68,12
Imaging,24748,83,8158,201174,169638,385,203,14355,12539,13120,12058,14978,12058,19,6583,436,6280,46,1651,9413,805,1612,9453,8170,9466,9466,2731,130,12707,12897,779,83509,716,73045,1218,9114,812,3,8654,93,160,4495,6229,6894,3660,613,2546,2702,423,1,749,483,1829,1396,4049,4410,310,842,15095,6876,4016,17946,4166,6346,371,345,5682,5236,2833,504,2484,1448,1367,3744,1172,448,65,1361,3395,3937,1683
Immunoglobulins,455,14,705,11592,9380,19,5,225,147,1122,624,1375,624,1,230,25,219,0,66,380,15,41,267,158,194,194,10,0,254,358,514,20587,708,12849,204,4757,343,0,2537,10,28,87,30,30,16,1,605,407,28,0,10,0,192,442,537,239,5,118,7413,3656,490,8104,468,2900,10,12,2327,2278,247,14,728,64,215,1087,589,206,43,679,1678,67,52
Lymphocytes,388,18,644,6969,4925,22,8,193,101,875,379,763,379,1,291,50,275,1,44,426,8,45,201,103,148,148,10,1,245,315,26,9399,162,2736,78,1148,178,0,531,13,9,67,33,28,7,1,1542,948,58,1,11,1,239,336,686,277,11,148,2775,1618,228,2990,147,1275,2,5,1352,2486,148,9,965,42,188,1128,405,219,36,470,1162,33,30
Laboratory parameters,636,1,211,2833,1884,12,5,293,118,477,319,351,319,1,156,12,144,1,60,223,12,17,133,63,91,91,24,1,146,174,105,2440,225,1269,73,440,129,1,375,16,21,53,65,62,18,4,58,35,1,0,8,3,40,62,124,76,1,28,1639,608,135,1912,138,532,10,9,664,810,68,8,355,34,63,388,177,106,11,208,514,99,40
Laboratory tests,1114,5,360,4952,3417,25,7,436,336,746,532,545,532,2,252,33,239,0,85,389,34,28,292,137,210,210,55,4,205,273,260,4507,539,2880,79,1118,133,6,755,19,65,95,85,78,37,8,73,51,8,0,8,8,49,121,100,67,5,18,2332,920,165,2760,177,754,8,8,1266,1260,119,19,535,41,92,396,253,125,13,298,692,127,59
Liver enzyme tests,16,0,11,162,78,1,0,7,14,78,15,20,15,0,10,0,10,0,4,18,5,1,38,21,24,24,11,0,2,12,3,177,10,85,6,46,11,0,24,2,0,4,2,0,0,0,17,10,2,0,2,1,10,13,28,10,2,6,128,103,14,158,10,66,0,1,484,1102,77,10,452,7,24,98,24,13,1,30,65,0,1
Novel markers,79,0,85,866,537,5,2,62,23,168,72,84,72,0,39,14,35,0,23,68,3,2,23,4,9,9,1,0,37,58,5,657,19,176,22,71,20,1,41,5,2,20,10,5,2,0,18,6,0,0,1,0,15,22,57,14,2,8,649,534,47,669,39,447,1,3,152,363,15,4,190,12,31,170,49,51,1,50,145,29,8
Odd ratio,2577,19,1486,15140,11243,53,62,3586,805,3836,3244,2022,3244,3,1049,14,1006,5,218,1481,83,33,528,339,459,459,98,16,563,648,167,11377,160,9376,108,1272,134,5,1533,24,57,323,373,400,191,30,90,90,14,0,46,11,59,172,258,277,3,27,6347,2561,281,7625,398,1790,45,27,1323,837,134,17,238,51,76,689,553,303,26,603,1696,396,42
Marker,2226,39,1878,22416,15572,132,41,1937,848,5312,2663,2667,2663,2,1038,135,963,15,335,1616,96,77,788,281,401,401,77,6,1114,1562,220,21269,764,8397,336,2424,495,3,1412,73,69,415,275,240,89,17,552,300,30,0,23,16,501,692,1512,641,27,301,17290,9940,1154,18808,1015,8026,38,50,4125,7351,432,63,3359,189,624,3519,1357,223,69,1509,3862,354,194
Molecular biomarker,141,3,248,2091,1415,24,4,95,49,430,208,232,208,0,113,15,105,2,39,207,4,6,35,10,15,15,0,0,74,98,21,2029,101,558,21,319,38,1,106,1,2,36,9,7,4,0,53,23,4,0,0,0,59,56,145,51,2,20,1226,947,114,1306,90,760,3,6,358,911,35,8,399,18,62,441,109,78,5,125,358,50,19
Molecular markers,1592,35,1465,17189,12060,103,31,1457,621,4284,2016,2073,2016,1,775,86,723,11,268,1259,73,55,589,173,263,263,30,3,846,1204,176,18014,669,6795,241,1991,378,3,1121,45,48,326,172,140,47,6,443,234,21,0,10,7,358,553,1141,472,17,228,14875,8674,987,16030,838,6910,26,38,3499,6176,348,45,2784,151,512,2907,1174,727,58,1308,3271,260,154
MicroRNAs,56,0,127,1413,830,5,1,37,21,159,67,105,67,0,49,6,48,0,14,120,0,0,24,10,12,12,0,0,60,70,2,652,5,175,10,87,17,0,21,0,1,9,2,3,3,0,21,11,0,0,0,0,21,9,93,26,0,13,443,515,72,452,45,382,0,0,177,587,13,1,249,14,62,211,30,34,0,39,168,17,14
Platelet count,157,6,178,1736,1167,11,6,267,94,369,270,345,270,0,162,3,153,1,20,178,12,11,112,68,97,97,12,0,57,74,462,8177,1230,7117,108,1276,175,6,1991,15,97,107,15,13,4,2,122,93,12,0,11,0,20,45,49,26,2,29,869,434,79,1214,94,355,8,4,738,425,76,12,153,11,25,250,256,139,20,279,493,14,2
Parameters,5728,37,1935,27478,19900,95,49,3573,909,3979,3109,3169,3109,4,1235,107,1143,14,448,1796,131,105,993,555,775,775,133,8,1426,1623,462,19576,764,9890,494,2424,910,4,2187,109,126,488,694,786,342,35,422,298,41,1,51,16,386,485,1113,701,21,228,10708,3892,767,12197,809,3542,53,44,3166,4434,495,60,2137,169,372,2520,975,552,56,1093,2660,571,319
Pathogenic,174,3,241,2390,1403,9,4,56,67,329,141,335,141,0,124,13,120,0,31,182,3,8,62,21,38,38,6,1,104,114,20,2501,108,1237,34,1276,78,1,366,1,5,34,16,20,5,1,90,26,2,0,0,0,76,138,302,118,4,29,1276,941,92,1515,107,819,5,5,582,680,33,3,321,18,82,391,210,129,18,260,509,22,36
Pathologic,1129,4,730,12401,9107,30,16,448,458,783,541,1114,541,1,379,29,370,1,82,652,34,74,547,380,486,486,84,3,533,590,77,9666,223,6706,120,1295,122,1,942,14,15,204,328,344,193,30,202,166,22,0,16,27,247,371,614,506,34,124,2186,1183,347,2624,395,1069,22,23,934,1112,204,28,544,143,202,595,231,100,6,254,678,271,146
Physiologic,1992,24,864,11898,9006,75,24,1249,602,1616,1467,1785,1467,2,733,81,712,5,148,941,90,62,439,336,450,450,83,4,639,731,161,5736,147,3413,304,838,460,4,685,71,48,350,154,155,78,12,127,98,7,0,33,7,99,184,306,220,18,60,1951,937,230,2266,261,837,24,25,555,648,159,26,294,57,117,940,490,239,19,517,1093,179,88
Screening methods,23086,95,8110,133733,108347,350,270,18262,8320,18722,17385,12552,17385,21,6272,267,5953,46,1682,8383,700,953,6087,5002,5968,5968,1798,111,7544,7950,858,63170,965,51269,972,7840,938,9,7803,120,264,2591,4115,4525,2320,367,1287,1323,225,1,523,318,1130,1748,2574,2769,144,513,22883,7655,2187,26802,2569,6658,219,205,7502,4969,1628,274,2016,928,981,3832,2137,1017,135,2491,6154,3305,983
Trauma scoring systems,218,1,125,1232,881,13,7,717,88,521,599,174,599,0,172,5,162,2,29,188,4,3,36,33,47,47,16,1,51,50,20,77,10,69,13,13,11,0,25,5,5,20,23,25,16,1,9,10,3,0,7,2,2,5,10,15,1,2,5,6,8,12,16,10,3,3,7,21,19,5,9,7,3,75,46,24,3,49,58,38,1
Risk factors,15818,116,8885,90572,68197,185,208,10686,3196,13737,12178,9057,12178,6,4344,77,4173,24,1210,6570,364,241,2559,1711,2235,2235,378,47,2867,3258,709,50516,841,38653,526,6615,539,12,6603,66,177,1187,2033,2198,985,129,442,437,42,0,132,76,432,1366,1611,1576,59,199,35870,10016,1784,40957,2282,8423,155,121,7659,4803,795,88,1622,349,483,3581,2370,1036,101,2718,7321,2696,517
(ROC),819,3,434,4842,3869,21,17,1458,319,1451,1144,732,1144,0,293,8,277,6,87,404,29,19,176,114,146,146,38,0,255,289,56,2923,102,2235,79,378,97,1,369,20,19,131,109,115,69,9,27,22,3,0,12,4,25,72,78,72,2,13,2147,1085,109,2439,113,771,9,12,869,439,56,8,151,17,28,338,361,223,15,394,1035,117,15
Receiver operating characteristic curves,179,1,87,941,761,3,1,367,71,334,282,142,282,0,62,0,58,2,17,78,4,2,30,18,23,23,6,0,56,62,19,519,19,408,27,73,26,0,63,4,5,25,19,19,13,2,5,5,1,0,4,0,2,9,13,16,0,0,406,212,19,455,22,144,2,3,175,66,10,1,15,1,4,63,86,49,3,92,245,31,4
Test,23049,117,6434,101683,74720,208,161,13322,4095,13088,11557,9719,11557,9,3482,522,3292,19,1635,6131,287,331,2433,1569,2057,2057,401,35,3372,3991,616,47626,889,28748,880,6033,1434,15,4949,160,149,1113,1747,1788,731,87,820,610,64,0,103,69,831,1400,2435,1589,46,554,19495,6528,1234,22378,1273,5421,94,93,6439,6584,893,127,2696,329,725,4020,1914,1068,81,2127,5814,2952,952
Testing,5480,16,1427,25355,18724,38,27,1999,1268,2020,1841,1818,1841,3,742,498,706,3,367,1455,34,68,354,238,320,320,44,5,662,784,212,8487,197,4768,124,1459,126,5,993,17,54,184,356,389,205,24,87,67,8,0,5,2,75,250,224,184,6,27,3765,1043,222,4227,224,859,16,17,1444,1040,112,15,338,41,100,726,267,148,20,337,1284,725,261
Computed tomogram,6111,32,3109,67967,56834,244,107,5035,8001,5336,5150,6384,5150,10,3507,160,3331,31,884,4247,625,1015,6010,5175,6175,6175,2346,120,6339,6377,478,40284,441,37087,700,4372,479,2,4889,52,145,3182,2706,2992,1578,299,1645,1773,275,2,634,442,993,561,1870,2089,183,592,4428,2472,1669,5601,1896,2474,228,194,2544,2489,1736,312,1246,979,913,1798,764,159,25,870,1629,812,402
Chip,56,1,40,584,407,2,0,30,12,35,25,40,25,0,10,8,10,0,15,34,0,2,5,3,3,3,0,0,18,25,1,240,0,59,3,43,5,0,17,0,1,5,2,2,1,0,5,2,0,0,0,0,6,12,16,12,0,0,101,81,7,97,5,57,0,0,64,104,1,0,53,3,3,61,13,7,0,23,78,2,5
Computed tomography,6146,32,3117,68362,57038,243,107,5014,7981,5328,5150,6384,5150,10,3507,190,3332,31,887,4248,625,1016,6006,5171,6170,6170,2342,120,6338,6375,478,40357,441,37031,700,4360,481,2,4870,52,145,3179,2702,2991,1578,299,1645,1774,275,2,634,442,994,566,1882,2105,183,590,4437,2483,1679,5603,1900,2481,228,195,2532,2490,1732,310,1245,977,911,1817,764,159,25,870,1640,849,399
Computed tomographic scanning,65,0,43,604,524,1,0,75,135,78,79,51,79,0,45,2,45,0,5,51,21,11,100,96,103,103,59,6,59,56,6,336,1,287,3,33,0,0,37,0,1,33,46,49,25,6,30,32,6,0,17,14,12,2,17,17,4,7,28,25,22,35,20,20,2,3,16,28,21,3,21,11,11,30,4,1,0,4,8,5,2
CT scan,5471,26,2740,61606,52465,201,97,4437,7297,4714,4622,5676,4622,8,3156,149,3001,33,782,3803,552,948,5402,4762,5610,5610,2110,112,5734,5725,457,35727,377,33371,622,3675,400,2,4232,47,136,2904,2412,2690,1414,265,1511,1622,251,1,571,422,923,500,1770,1987,173,515,3675,2158,1535,4612,1720,2171,203,178,2022,2197,1596,278,1088,883,811,1571,635,123,24,723,1319,704,364
Point of care,946,9,547,5648,3731,30,23,995,318,940,843,707,843,1,410,12,386,6,119,491,57,30,269,215,325,325,68,4,340,353,198,2452,71,1994,122,435,137,11,416,28,46,161,112,128,52,16,32,33,6,0,6,7,31,52,82,80,0,14,1058,505,90,1268,141,441,9,8,269,176,52,13,60,10,16,315,247,151,14,279,658,167,25
Ultrasound,20504,60,6846,172553,146600,331,169,12300,11639,10577,9888,12242,9888,15,5839,317,5568,45,1272,7879,840,1660,9678,8341,9733,9733,2837,130,12160,12328,668,73203,674,64922,987,7076,827,2,7887,86,146,3796,5806,6438,3340,580,2492,2713,422,1,765,496,1782,1365,3934,4404,309,795,15444,6433,3936,18438,4056,6012,371,342,5177,4617,2710,489,2228,1494,1341,3079,1118,375,56,1285,3229,3183,1267
