#,α-fetoprotein,4-hydroxy-phenylpyruvate dioxygenase (HPD),5’ nucleotidase,alpha-glutathioneS-transferase,Alpha fetoprotein,(AFP),Arginase-1,Arginase 1,(ARG1),argininosuccinate synthetase,(ASS),Abbreviated Injury Scale,Albumin,Amylase,ALT: alanine aminotransferase,ALP: alkaline phosphatase,AST: aspartate aminotransferase,APACHE II,Area under the receiver operating characteristic curve,Arterial pressure,Arterial partial pressure of carbon dioxide,Arterial partial pressure of oxygen,AUROCs,AUC,Active T lymphocytes,(ATL),Amylase,Amyloid A,Arterial Ph,Bilirubin,Biochemical,Biochemical marker,Biochemical panel,Biomarkers,Biomarker panel,Biochemical parameters,Blood urine nitrogen,Blood pressure,BUN,BNP,B lymphocytes,(CD3),(CD4),(CD8),Complete blood counts,C3 complement,Complement factor B,Computed tomogram,C5a,Chip,CK-MB,Clinical factors,Clinical variable,Creatinine,Creatine kinase,C-reactive protein,CRP,Coagulation tests,Complement,Computed tomography,Computed tomographic scanning,Creatine kinase muscle and brain,CTnI,CT scan,Cystatin C,Cystatin-C,CXCL10,CXCR3,Cadherin-5,Calcium,Caspase cleaved cytokeratin 18,(CcK18),CDH5,Ceruloplasmin,Clinical parameters,Collagen IV,Cytokeratin 18,D-Dimer,Diagnosis,Diagnostic,Diagnostic modelling,Estimated glomerular filtration rate,Estrogen sulfotransferase,EGFR,(EST-1),FABPs,FABP,Fatty Acid Binding Protein,Fatty acid binding protein 1,FDP,Fibrin degradation products,Fibrin/fibrinogen degradation products,Fibrinogen,Fibtem,Full blood cell count,F- Protein,FABP1,Glucose,Glutathione S-transferases (GST),Gamma glutamyl transferase,Glasgow Coma Scale,Glutamate dehydrogenase,GLDH,GSTα,GSTA,Glutathione S-transferase alpha,Hemoglobin,Hematocrite,hs-CRP,hsCRP,Hyaluronic Acid,High Mobility Group Box-1,HMGB1,Howell–Jolly bodies,Human leucocyte antigen,Heart rate,Helper T cells,(HLA)-DR,HPPD,I-FABP,IL-6,IL-8,IL-10,IL-18,Imaging,Independent predictors,Injury severity score,Intestinal-FABP,ISS,Immunoglobulins,IgA,IgM,IgG,IP-10,Jolly bodies,Kidney injury molecule-1,(KIM-1),K18,LECT2,Leucocyte cell-derived chemotaxin-2,Lymphocytes,Laboratory parameters,Laboratory tests,Lactate,Lactate dehydrogenase,(LDH),L-FABP,Lipocalin,Liver enzyme tests,Liver-FABP,Lipase,Marker,Molecular biomarker,Molecular markers,Myoglobin,Myeloperoxidase,malate dehydrogenase,(MCSFR),Macrophage colony stimulating factor receptor,(MDH),microRNA-122,miR-122,miRNAs,miR-216a,miR-216b,miR-217,MicroRNAs,Mean arterial BP,(MODS),Multiple organ dysfunction score,Neutrophil Gelatinase-Associated Lipocalin,Neutrophils,N-acetyl-β-D-glucosaminidase,Nuclear fragments in circulating erythrocytes,NGAL,N-GAL,NISS,(NO),Nitric oxide,Novel markers,N-terminal pro-B-type natriuretic peptide,(NT-proBNP),Odd ratio,OPN,Osteopontin,Polymorphonuclear elastase,PON1,Paraoxonase 1 normalized to prothrombin protein,Platelet count,Polymorpho-nuclear neutrophil elastase,(PMN),(PaO2),Platelets,Potassium,Parameters,Paraxonase 1,PON1,Purine nucleoside phosphorylase,PNP,Pathogenic,Pathologic,Phosphate,Physiologic,Platelets and pH-value,Point of care,Procalcitonin,(PCT),Prothrombin time,Properdin,Protein C,(PaCO2),(PAF),Platelet-activating factor,Plasminogen activator inhibitor,(PAI),(PaO2),(PaCO2),Platelet-activating factor,(PAF),(PAI),Plasminogen activator inhibitor,PaO2,Revised Trauma score,Risk factors,(ROC),Receiver operating characteristic curves,Respiration rate,Red cell count,SDH,Sorbitol dehydrogenase,Sodium,Suppressor T-cells,(SCr),Screening methods,Sequential organ failure assessment,SOFA,Trauma scoring systems,Test,Testing,(TFF3),Trefoil Factor 3,TRISS,Troponin,Temperature,Trypsinogen-2,Trypsin-2-a1antitrypsin complex,Trypsin-2-AAT,Total and segmented leukocytes,Total T lymphocytes,(TTL),Tuftsin,The post-traumatic plasma levels of soluble tumor necrosis factor receptors p55 and p75,Urea,Ultrasound,White blood cell count,(WBC),Valproic acid,(VPA),Vascular endothelial growth factor,(VEGF),Venous thromboembolism,(VTE)
Abdominal injury,20,0,2,0,20,19,1,5,2,0,2,297,297,336,107,16,98,104,81,475,15,29,0,57,2,2,336,1,1370,199,360,577,0,575,8,81,39,1532,67,11,28,19,48,28,387,25,1,6010,16,5,26,1624,136,627,70,131,80,79,124,6006,100,0,23,5402,25,25,1,0,0,178,1,0,0,16,376,17,4,23,23611,24027,9,61,0,43,0,4,29,54,35,2,14,0,108,2,7,45,5,305,0,37,349,9,4,1,0,7,360,1,8,6,47,34,34,29,15,439,8,14,0,21,317,42,95,23,9453,182,2097,1,682,267,36,59,51,3,28,26,15,0,0,0,201,133,292,378,97,60,9,46,38,1,125,788,35,589,28,225,5,0,3,0,3,4,26,0,0,0,24,5,432,52,45,193,16,0,37,0,24,0,195,23,2,3,528,6,9,4,2,1,112,0,29,48,165,114,993,0,2,0,3,62,547,88,439,0,269,20,13,78,2,12,11,5,10,32,46,48,11,10,5,46,32,48,111,2559,176,30,295,98,6,1,336,8,41,6087,28,40,36,2433,354,1,1,54,70,366,0,1114,0,1,10,3,9,0,234,9678,235,203,8,4,86,63,53,19
Abdominal injuries,8,0,2,1,8,7,0,1,0,0,1,289,124,244,35,4,36,53,41,245,6,11,0,29,1,1,244,0,603,66,129,171,0,170,2,22,16,925,13,1,20,7,19,16,274,13,1,5175,4,3,5,1072,90,135,27,47,25,61,57,5171,96,0,6,4762,0,0,0,0,0,60,0,0,0,9,224,7,0,11,19106,19418,6,4,0,3,0,2,13,18,11,1,4,0,74,1,3,13,1,132,0,9,320,5,1,0,0,1,252,1,0,1,24,6,7,29,8,261,4,8,0,12,84,9,35,3,8170,137,1938,1,654,158,23,41,28,1,28,1,0,0,0,0,103,63,137,184,45,21,4,3,21,1,60,281,10,173,11,47,5,0,1,0,1,3,11,0,0,0,10,2,259,25,2,65,4,0,1,0,24,0,52,4,0,1,339,2,3,2,0,0,68,0,8,15,99,44,555,0,0,0,2,21,380,21,336,0,215,8,5,44,2,7,3,2,2,13,32,15,3,2,2,32,13,15,104,1711,114,18,170,85,4,0,148,7,6,5002,8,9,33,1569,238,0,0,52,15,210,0,815,0,1,5,3,7,0,67,8341,162,137,1,0,22,16,39,15
Abdominal trauma,13,0,2,1,13,11,1,3,0,0,2,294,206,311,41,7,43,107,57,357,10,18,1,41,2,2,311,3,757,92,182,258,1,257,2,27,26,1221,18,2,22,12,26,19,346,19,1,6175,13,3,7,1514,124,194,38,124,72,83,104,6170,103,0,9,5610,1,1,0,0,0,99,0,0,0,10,329,9,1,17,22608,23047,9,8,0,5,0,2,14,23,14,1,11,0,94,1,5,23,1,204,0,17,346,6,1,0,0,0,335,1,0,2,46,14,15,30,14,346,9,15,0,13,184,26,53,5,9466,183,2021,1,687,194,26,43,38,2,29,1,0,0,0,0,148,91,210,291,59,30,4,5,24,1,102,401,15,263,13,63,5,0,1,0,1,4,14,0,0,0,12,6,363,44,2,113,5,0,1,0,24,0,66,9,0,1,459,2,3,4,0,1,97,0,18,31,124,61,775,1,0,0,2,38,486,37,450,0,325,26,15,64,2,15,14,3,2,23,40,31,14,2,3,40,23,31,114,2235,146,23,233,92,4,0,200,8,9,5968,23,26,47,2057,320,0,0,54,21,294,0,1057,0,1,7,3,8,0,98,9733,223,182,3,1,23,19,56,24
Abdominal trauma,13,0,2,1,13,11,1,3,0,0,2,294,206,311,41,7,43,107,57,357,10,18,1,41,2,2,311,3,757,92,182,258,1,257,2,27,26,1221,18,2,22,12,26,19,346,19,1,6175,13,3,7,1514,124,194,38,124,72,83,104,6170,103,0,9,5610,1,1,0,0,0,99,0,0,0,10,329,9,1,17,22608,23047,9,8,0,5,0,2,14,23,14,1,11,0,94,1,5,23,1,204,0,17,346,6,1,0,0,0,335,1,0,2,46,14,15,30,14,346,9,15,0,13,184,26,53,5,9466,183,2021,1,687,194,26,43,38,2,29,1,0,0,0,0,148,91,210,291,59,30,4,5,24,1,102,401,15,263,13,63,5,0,1,0,1,4,14,0,0,0,12,6,363,44,2,113,5,0,1,0,24,0,66,9,0,1,459,2,3,4,0,0,97,0,18,31,124,61,775,1,0,0,2,38,486,37,450,0,325,26,15,64,2,15,14,3,2,23,40,31,14,2,3,40,23,31,114,2235,146,23,233,92,4,0,200,8,9,5968,23,26,47,2057,320,0,0,54,21,294,0,1057,0,1,7,3,8,0,98,9733,223,182,3,1,23,19,56,24
Blunt trauma,2,0,0,1,2,19,2,2,0,0,1,472,131,171,26,4,24,66,183,374,20,24,1,107,5,7,171,0,753,53,194,607,0,602,11,27,4,1502,8,1,24,8,21,14,237,15,2,8001,13,12,52,2170,225,116,191,30,19,101,87,7981,135,8,16,7297,2,2,6,1,0,205,0,0,0,0,332,4,0,21,28857,29319,30,2,0,4,0,0,7,11,7,18,16,4,109,3,7,46,0,151,0,9,1737,2,0,0,0,1,268,1,1,0,18,11,11,8,7,522,6,9,0,2,158,36,65,5,12539,296,4166,0,1310,147,13,20,35,6,8,2,1,0,0,0,101,118,336,294,65,33,0,4,14,0,40,848,49,621,12,78,4,0,2,1,0,0,21,0,0,0,21,5,325,78,2,174,1,0,1,0,51,0,73,23,1,3,805,0,0,5,0,1,94,0,47,82,110,77,909,0,0,0,1,67,458,63,602,0,318,6,8,85,3,14,29,2,3,5,23,82,29,3,2,23,5,82,264,3196,319,71,331,70,46,1,158,10,6,8320,15,9,88,4095,1268,0,0,189,121,275,0,1255,0,0,12,3,1,0,56,11639,142,138,12,4,31,26,82,48
Blunt bowel injury,0,0,0,0,0,0,0,0,0,0,0,9,3,28,0,1,0,5,1,3,0,0,0,5,0,0,28,0,5,4,3,7,0,7,0,0,0,33,0,0,0,0,0,0,23,0,0,442,0,0,0,72,6,1,2,0,0,1,2,442,14,0,0,422,0,0,0,0,0,1,0,0,0,0,8,0,0,0,1017,1038,0,0,0,0,0,0,2,2,1,0,0,0,0,0,0,0,0,0,0,0,18,0,0,0,0,0,9,0,0,0,0,0,0,0,0,9,0,0,0,2,1,0,0,0,483,12,158,0,43,0,0,0,1,0,0,0,0,0,0,0,1,3,8,7,1,0,0,0,1,0,4,16,0,7,0,0,0,0,0,0,0,0,0,0,0,0,0,0,16,0,0,2,0,0,0,0,2,0,0,0,1,0,11,0,0,0,0,0,0,0,0,0,1,0,16,0,0,0,0,0,27,0,7,0,7,0,0,0,0,0,0,0,0,0,2,0,0,0,0,2,0,0,6,76,4,0,3,12,0,0,5,0,0,318,0,0,2,69,2,0,0,0,1,6,0,42,0,0,0,0,0,0,1,496,21,18,0,0,0,0,0,0
Blunt splenic injuries,0,0,0,0,0,0,1,1,0,0,0,32,2,19,3,2,2,3,2,16,0,0,0,1,0,0,19,0,19,2,1,10,0,10,0,0,0,94,0,0,4,1,4,2,24,4,1,634,0,0,0,93,5,2,0,2,0,0,6,634,17,0,0,571,0,0,0,0,0,1,0,0,0,0,24,1,0,1,1260,1286,0,1,0,1,0,0,0,0,0,0,0,0,2,0,1,0,0,7,0,1,49,0,0,0,0,0,50,0,0,0,0,0,0,5,0,22,2,0,0,0,5,1,3,2,749,16,396,0,103,10,2,7,4,0,5,0,0,0,0,0,11,8,8,12,3,0,0,0,2,0,6,23,0,10,0,2,0,0,0,0,0,0,0,0,0,0,0,1,27,0,0,1,0,0,0,0,1,0,2,1,0,0,46,0,0,0,0,0,11,0,1,0,6,0,51,0,0,0,0,0,16,1,33,0,6,0,0,4,2,1,0,0,0,0,0,0,0,0,0,0,0,0,13,132,12,4,11,6,0,0,5,3,1,523,1,0,7,103,5,0,0,5,1,5,0,31,0,0,5,0,1,0,0,765,20,18,0,0,0,0,9,7
Blunt Abdominal Trauma,1,0,0,0,1,0,0,0,0,0,0,92,11,119,18,3,17,14,8,46,2,2,0,7,0,0,119,1,66,20,14,30,0,30,0,2,2,262,2,0,2,2,3,2,80,3,1,2346,0,0,0,294,32,32,3,6,1,12,10,2342,59,0,0,2110,0,0,0,0,0,5,0,0,0,0,65,1,0,0,5030,5144,3,1,0,1,0,0,2,2,1,0,0,0,8,0,0,1,0,11,0,2,167,1,0,0,0,0,81,1,0,0,2,1,1,4,0,77,1,0,0,2,7,0,2,0,2731,55,862,0,277,10,3,6,5,0,4,0,0,0,0,0,10,24,55,35,10,8,0,0,11,0,24,77,0,30,1,0,0,0,0,0,0,0,0,0,0,0,0,3,73,5,0,3,0,0,0,0,8,0,0,1,1,1,98,0,0,0,0,0,12,0,1,3,14,5,133,0,0,0,0,6,84,2,83,0,68,1,0,9,1,2,1,0,0,0,4,3,1,0,0,4,0,3,53,378,38,6,50,38,1,0,15,1,1,1798,1,0,16,401,44,0,0,30,1,29,0,179,0,0,3,1,1,0,11,2837,61,52,0,0,0,0,12,9
Blood loss,467,0,68,0,467,344,31,53,26,12,62,216,7928,733,789,336,456,471,1434,10216,265,444,13,1393,364,75,733,174,20854,2102,6855,17487,35,17317,257,1421,632,37661,542,189,1518,831,3047,1679,12339,911,27,40284,175,240,194,36725,2912,7451,1174,3177,1660,5449,3747,40357,336,35,72,35727,320,320,96,46,108,8630,12,0,8,166,8664,661,42,912,304947,308274,242,1144,3,995,3,3,60,225,156,239,909,39,5688,88,185,2486,12,17414,3,315,3641,106,5,0,0,14,16445,12,186,166,335,207,196,61,1368,11085,680,503,2,17,4302,720,1485,229,83509,3083,2367,0,608,20587,2353,1601,4124,78,26,76,40,24,5,1,9399,2440,4507,5475,1367,802,17,240,177,0,722,21269,2029,18014,207,2423,44,17,133,22,4,15,682,1,0,1,652,238,1774,148,154,3384,116,0,98,1,14,0,3489,657,43,134,11377,174,166,58,36,1,8177,0,430,495,11441,4192,19576,0,36,19,24,2501,9666,3268,5736,5,2452,87,192,3761,50,1224,377,222,384,913,792,495,377,384,222,792,913,495,102,50516,2923,519,3368,2148,722,28,10286,327,256,63170,82,83,77,47626,8487,13,14,45,674,8132,0,17068,0,1,394,6,14,0,4501,73203,4435,4066,258,123,3205,2606,3472,1423
Chest trauma,4,0,1,0,4,11,7,15,5,0,2,488,329,73,25,6,19,92,113,707,35,95,1,84,2,7,73,4,1591,39,368,823,1,811,10,81,6,2095,9,21,14,10,42,25,269,18,0,6339,22,18,183,1970,153,125,382,89,54,45,136,6338,59,16,95,5734,4,4,10,2,2,334,0,0,1,5,493,16,1,31,28154,28520,16,11,0,24,0,0,18,28,19,5,20,0,102,0,6,105,2,178,1,13,484,4,2,0,0,0,187,0,5,2,45,46,47,2,17,1117,19,8,0,4,612,163,207,33,12707,207,2508,0,872,254,16,15,42,13,4,4,1,0,0,0,245,146,205,404,205,127,2,11,2,0,33,1114,74,846,40,503,0,0,5,1,0,5,62,0,0,0,60,11,351,53,9,595,7,0,4,0,29,0,436,37,9,24,563,9,27,8,0,1,57,0,85,295,110,139,1426,1,0,0,5,104,533,204,639,0,340,16,17,31,2,72,84,15,16,32,40,295,84,16,15,40,32,295,122,2867,255,56,813,26,7,0,333,11,5,7544,19,20,51,3372,662,1,1,60,411,424,0,1280,0,0,8,3,0,0,94,12160,197,175,5,3,124,95,94,51
Chest injury,2,0,4,0,2,10,8,16,5,0,2,511,418,72,43,8,34,119,135,880,39,120,1,100,3,9,72,6,1982,58,491,1178,1,1160,13,100,10,2554,14,33,15,17,61,40,318,23,1,6377,26,25,288,2246,174,244,598,146,75,54,179,6375,56,18,145,5725,15,15,13,2,3,458,0,0,1,6,567,16,1,37,29878,30230,19,24,0,40,0,0,35,54,30,5,22,0,120,0,4,130,2,236,1,15,475,5,2,0,0,1,246,0,8,3,49,53,51,2,28,1384,26,12,0,5,706,201,224,42,12897,232,2642,0,860,358,18,33,61,15,4,8,4,0,0,0,315,174,273,535,269,172,3,18,12,0,33,1562,98,1204,92,613,0,0,6,2,0,5,73,0,0,0,70,11,384,60,16,785,9,0,11,0,31,0,580,58,14,30,648,9,29,12,0,1,74,0,109,397,174,236,1623,1,0,0,6,114,590,255,731,0,353,20,19,41,2,77,98,22,32,49,56,397,98,32,22,56,49,397,115,3258,289,62,997,28,9,0,457,9,12,7950,24,25,50,3991,784,1,1,59,693,502,0,1398,0,0,12,2,0,0,134,12328,235,218,5,3,137,107,68,34
Coagulopathy of Trauma,0,0,1,1,0,4,0,0,0,0,1,73,61,6,6,3,4,33,45,116,2,8,2,29,0,2,6,1,195,21,70,167,0,166,3,16,1,385,6,0,7,3,4,2,330,14,3,478,11,1,0,675,44,49,27,24,14,919,69,478,6,0,1,457,0,0,0,0,1,77,0,0,0,1,191,3,0,161,4191,4268,4,0,0,0,0,0,0,1,1,73,151,10,871,42,6,57,0,42,0,3,245,0,0,0,0,0,178,0,0,0,9,9,8,2,4,83,3,1,0,0,53,6,16,1,779,66,493,0,170,514,13,7,30,0,1,0,0,0,0,0,26,105,260,145,19,6,0,2,3,0,8,220,21,176,12,6,0,0,0,0,0,0,2,0,0,0,2,1,219,27,1,30,0,0,1,0,3,0,9,5,0,0,167,0,0,1,0,1,462,0,5,6,634,20,462,0,0,0,1,20,77,14,161,0,198,4,1,591,1,224,1,3,15,95,46,6,1,15,3,46,95,6,25,709,56,19,51,45,37,0,72,0,2,858,15,13,20,616,212,0,0,9,7,257,0,499,0,0,0,0,2,0,28,668,41,31,8,3,11,5,87,27
Disseminated intravascular coagulation,13,0,1,0,13,3,1,1,1,1,2,5,201,29,29,11,21,97,60,98,3,12,0,36,2,5,29,5,336,118,180,623,0,619,2,26,15,427,28,0,12,17,30,19,1155,56,3,441,16,0,3,1061,78,189,56,118,60,2200,350,441,1,1,1,377,0,0,0,0,1,118,0,0,0,1,333,8,0,651,8276,8410,0,3,0,11,0,0,0,1,0,388,1119,65,2631,6,11,123,0,104,0,7,38,1,0,0,0,0,257,0,0,0,3,39,31,6,28,121,4,17,0,0,159,36,39,9,716,38,57,0,17,708,16,66,111,1,5,1,0,0,1,0,162,225,539,207,103,58,0,2,10,0,13,764,101,669,35,58,0,1,0,0,0,1,5,0,0,0,5,0,738,80,1,188,1,0,1,0,0,0,42,19,0,1,160,0,0,9,0,0,1230,0,18,19,1435,36,764,0,0,0,0,108,223,43,147,0,71,24,9,1001,3,633,4,27,54,272,129,19,4,54,27,129,272,19,1,841,102,19,171,93,4,2,222,3,1,965,82,74,10,889,197,0,0,0,8,245,1,984,0,0,5,0,1,0,135,674,236,233,7,2,39,20,161,37
Hemorrhage,301,1,24,0,301,238,8,14,7,3,44,206,3208,526,254,39,199,414,1147,7168,188,312,10,825,79,34,526,68,14014,1290,2475,6661,12,6623,78,418,192,20677,200,91,543,218,564,303,7692,601,13,37087,82,59,115,27259,2056,3047,547,989,527,5034,2199,37031,287,16,39,33371,169,169,28,4,42,3231,6,0,3,53,4754,474,15,784,231415,233986,0,417,1,389,2,1,14,38,27,208,797,37,4624,80,112,1075,3,3134,0,94,3639,41,1,0,0,10,9762,7,41,30,203,151,143,33,444,6851,226,144,0,1,1874,351,699,82,73045,2370,2090,0,523,12849,1839,837,2217,29,12,20,7,18,3,1,2736,1269,2880,3399,769,445,6,64,85,0,214,8397,558,6795,85,1420,25,3,22,13,0,2,183,0,0,0,175,134,1548,122,41,1889,47,0,22,0,11,0,1737,176,26,54,9376,57,55,31,8,1,7117,0,247,341,8825,1511,9890,0,8,6,12,1237,6706,1028,3413,0,1994,52,135,3383,41,836,262,140,255,562,505,341,262,255,140,505,562,341,87,38653,2235,408,2393,1349,707,13,4927,64,84,51269,70,73,69,28748,4768,6,6,49,472,3680,0,10773,0,1,100,1,9,0,1721,64922,1954,1827,161,85,1602,1320,3313,1365
Hemorrhagic trauma,0,0,3,0,0,1,0,0,0,0,0,36,146,17,29,1,18,18,45,914,8,22,2,26,0,2,17,2,986,24,105,227,0,225,3,15,3,1719,6,0,2,5,19,14,155,9,0,700,9,3,6,470,42,79,37,22,16,177,66,700,3,0,3,622,1,1,2,1,3,146,1,0,0,2,146,13,2,22,4322,4406,1,0,0,0,0,1,2,5,3,17,15,0,179,9,1,38,0,149,0,4,193,5,0,0,0,1,354,1,0,0,12,44,38,0,2,370,8,2,0,1,332,25,120,11,1218,36,455,0,130,204,6,18,36,5,0,4,0,0,0,0,78,73,79,661,55,20,0,5,6,0,14,336,21,241,6,217,0,0,1,0,0,1,10,0,0,0,10,13,369,37,5,231,2,0,1,0,6,0,167,22,0,2,108,0,0,4,0,1,108,0,67,33,232,86,494,0,0,0,0,34,120,47,304,0,122,4,4,131,0,34,16,10,13,26,19,33,16,13,10,19,26,33,25,526,79,27,108,29,26,1,262,2,1,972,8,5,13,880,124,0,0,13,16,234,0,303,0,1,3,0,0,0,60,987,65,60,50,44,27,17,45,18
Hemorrhagic,39,0,23,0,39,27,2,2,1,2,7,36,879,243,153,16,113,65,184,2989,73,139,2,148,13,14,243,20,4365,211,953,1901,8,1882,38,154,34,6521,83,20,159,73,241,281,1427,103,3,4372,26,43,28,4832,434,716,181,218,131,1655,729,4360,33,2,7,3675,27,27,26,10,25,796,4,0,2,17,909,122,6,203,37070,37912,24,72,1,64,0,1,7,26,14,64,217,11,1500,16,16,385,0,1061,1,39,371,16,1,0,0,3,1570,1,18,11,43,88,82,2,141,1855,44,49,0,3,911,185,377,39,9114,398,494,0,142,4757,155,699,974,40,0,11,2,1,1,0,1148,440,1118,1916,317,154,3,22,46,0,117,2424,319,1991,24,598,11,0,5,5,0,3,90,1,0,0,87,43,714,55,20,755,11,0,14,0,6,0,761,71,8,21,1272,6,9,10,7,1,1276,0,140,116,2082,486,2424,0,7,2,5,1276,1295,372,838,0,435,20,36,921,7,261,69,72,102,228,141,116,69,102,72,141,228,116,25,6615,378,73,468,191,46,4,1619,16,16,7840,18,15,13,6033,1459,2,2,13,93,1260,0,2811,0,1,35,2,1,0,515,7076,536,515,83,59,483,314,427,152
Hemorrhagic shock,3,0,1,0,3,5,1,1,1,0,1,35,438,37,82,3,50,40,48,2394,63,114,2,30,3,2,37,3,2729,49,224,356,0,351,5,50,11,4682,31,0,16,16,53,42,270,23,1,479,19,5,16,605,41,218,64,20,14,208,167,481,0,2,2,400,6,6,10,3,6,273,0,0,0,4,228,0,1,16,7587,7691,2,6,1,4,0,0,4,12,9,21,22,0,247,11,3,64,0,494,0,7,77,10,1,0,0,3,775,1,0,0,14,69,63,0,18,1076,18,9,0,1,581,58,228,15,812,40,398,0,126,343,10,92,85,13,0,10,3,0,0,0,178,129,133,1623,131,51,3,8,11,0,26,495,38,378,8,329,9,0,1,3,0,2,18,0,0,0,17,21,581,51,8,375,4,0,6,0,5,0,450,20,1,3,134,0,2,5,2,1,175,0,110,77,333,287,910,0,2,0,0,78,122,164,460,0,137,7,6,143,5,32,44,40,49,27,25,77,44,49,40,25,27,77,25,539,97,26,276,54,8,3,867,6,6,938,17,13,11,1434,126,2,2,15,36,400,0,456,0,0,7,0,0,0,164,827,122,134,56,47,35,22,18,5
Hepatic injury,169,0,33,0,169,104,9,35,10,12,9,22,1188,95,2759,450,1880,50,60,423,10,25,0,118,32,6,95,48,951,1929,2387,2642,6,2551,34,618,51,1170,122,5,39,81,318,192,377,77,4,1246,15,53,32,1502,130,708,128,156,97,118,391,1245,21,4,9,1088,9,9,53,26,3,536,11,2,1,50,538,95,68,10,12309,12618,5,19,3,72,1,0,27,332,238,13,11,0,167,0,5,261,12,1325,25,499,46,172,41,4,4,35,332,1,7,3,215,203,193,6,54,258,105,24,2,6,1742,184,577,95,2484,67,452,0,96,728,47,66,136,41,4,40,17,12,4,2,965,355,535,1492,1075,682,18,62,452,0,128,3359,399,2784,18,1638,22,1,11,2,23,64,258,0,0,1,249,0,460,50,45,921,39,0,19,0,3,0,1470,190,1,5,238,47,74,9,11,1,153,0,96,23,234,249,2137,0,11,39,23,321,544,487,294,0,60,11,21,320,2,48,12,41,52,99,74,23,12,52,41,74,99,23,12,1622,151,15,163,52,61,127,709,28,25,2016,23,21,9,2696,338,1,0,6,52,568,1,1350,0,0,23,1,1,0,762,2228,235,245,118,55,206,169,18,6
Hollow viscus injury,0,0,0,0,0,0,0,0,0,0,0,14,0,6,0,0,0,0,1,4,0,0,0,0,0,0,6,0,6,0,0,3,0,3,0,0,0,16,0,0,0,0,0,0,15,0,0,120,0,0,0,34,3,0,0,0,0,0,0,120,6,0,0,112,0,0,0,0,0,0,0,0,0,0,4,1,0,0,262,279,0,0,0,0,0,0,1,1,0,0,0,0,0,0,0,0,0,0,0,0,12,0,0,0,0,0,5,0,0,0,0,0,0,0,0,1,0,0,0,1,0,0,0,0,130,3,82,0,25,0,0,0,1,0,0,0,0,0,0,0,1,1,4,0,0,0,0,0,0,0,0,6,0,3,0,0,0,0,0,0,0,0,0,0,0,0,0,0,9,0,0,0,0,0,0,0,0,0,0,0,0,0,16,0,0,0,0,1,0,0,0,0,0,0,8,0,0,0,0,1,3,0,4,0,4,0,0,0,0,0,0,0,0,0,0,0,0,0,0,0,0,0,5,47,0,0,1,10,0,0,0,0,0,111,0,0,1,35,5,0,0,0,0,1,0,18,0,0,0,0,0,0,0,130,12,8,0,0,0,0,0,0
Injury severity,21,0,12,0,21,27,11,20,6,2,3,1812,1057,327,314,52,201,896,927,1009,45,100,14,620,28,8,327,34,1926,441,1200,4221,6,4176,83,230,89,3469,142,51,73,87,286,156,778,114,8,5336,41,35,130,8577,740,2028,429,562,323,281,475,5328,78,14,89,4714,127,127,42,20,10,980,12,0,0,27,1730,70,43,112,45818,46653,71,230,0,196,0,1,65,127,96,32,82,2,338,11,18,292,17,937,5,93,4392,24,5,0,0,8,862,330,24,9,115,133,129,3,109,1507,112,75,0,13,1341,369,537,153,13120,1136,26239,2,4646,1122,153,78,217,31,2,141,96,9,0,0,875,477,746,1205,311,199,30,311,78,1,145,5312,430,4284,69,722,4,2,11,2,9,21,168,3,0,0,159,14,1329,481,297,884,57,0,218,0,244,0,724,168,14,53,3836,30,60,30,8,1,369,0,128,353,456,370,3979,0,8,0,8,329,783,343,1616,0,940,137,105,283,7,121,89,56,72,115,122,353,89,72,56,122,115,353,949,13737,1451,334,1207,106,84,11,1030,25,169,18722,246,265,521,13088,2020,6,6,525,402,1277,3,3417,1,1,39,11,0,0,648,10577,507,476,24,12,268,212,252,150
Intra-abdominal injury,1,0,0,0,1,1,0,2,1,0,0,42,31,49,17,1,15,35,12,119,4,6,0,11,0,0,49,1,113,18,27,70,0,70,1,8,2,344,6,2,1,3,2,1,46,1,0,625,4,0,4,216,27,48,8,14,13,5,10,625,21,0,0,552,3,3,0,0,0,15,0,0,0,0,48,0,0,4,2171,2227,1,2,0,1,0,0,3,7,4,1,3,0,13,1,0,5,0,38,0,1,67,0,0,0,0,1,47,0,0,2,14,2,2,1,0,51,2,0,0,2,45,5,11,2,805,33,343,0,88,15,0,2,2,0,1,6,5,0,0,0,8,12,34,89,6,7,0,11,5,0,14,96,4,73,2,23,0,0,0,0,0,0,0,0,0,0,0,1,110,15,11,23,0,0,9,0,3,0,8,3,0,0,83,1,2,0,0,0,12,1,5,13,11,6,131,0,0,0,1,3,34,5,90,0,57,3,1,10,0,2,3,0,0,6,9,13,3,0,0,9,6,13,15,364,29,4,46,17,2,0,34,1,4,700,16,16,4,287,34,1,1,7,2,36,0,125,0,0,1,0,0,0,22,840,34,27,1,1,7,5,1,1
Intraabdominal injuries,3,0,0,0,3,0,0,1,1,0,0,18,56,34,1,0,2,9,7,58,1,0,0,5,0,0,34,0,86,20,24,53,0,53,0,2,3,196,3,0,8,6,3,2,77,5,0,1015,6,2,0,173,15,30,4,12,6,13,19,1016,11,0,0,948,0,0,1,0,1,25,0,0,0,0,33,3,1,3,4156,4231,0,0,0,2,0,0,0,0,0,0,2,0,19,0,2,0,0,35,0,1,29,0,0,0,0,0,48,1,0,0,11,1,1,6,0,40,2,0,0,0,35,2,11,1,1612,10,187,0,71,41,2,7,5,1,6,2,0,0,0,0,45,17,28,39,4,6,0,1,1,0,6,77,6,55,2,27,0,0,0,0,0,0,0,0,0,0,0,0,74,5,1,61,1,0,0,0,3,0,18,2,0,0,33,0,1,2,0,0,11,0,10,4,14,9,105,0,0,0,1,8,74,18,62,0,30,1,2,9,1,0,4,4,5,5,10,4,4,5,4,10,5,4,7,241,19,2,22,32,5,0,63,3,0,953,2,2,3,331,68,0,0,5,0,64,0,175,0,0,5,0,2,0,25,1660,46,46,0,0,8,10,1,0
Intestinal failure,5,0,0,0,5,6,0,3,2,0,1,5,301,52,27,10,24,71,31,168,7,11,1,60,13,3,52,10,342,205,354,537,3,532,9,53,19,478,23,16,40,36,107,62,122,12,0,561,10,12,4,1145,118,363,20,127,53,16,73,566,2,0,0,500,5,5,2,3,1,627,0,0,0,14,218,8,0,1,7910,8038,3,19,0,25,0,0,27,57,36,2,3,0,16,0,2,46,2,335,0,20,5,5,0,1,0,1,141,0,2,3,6,11,9,0,55,290,34,11,0,23,216,39,95,10,1396,84,57,0,16,442,124,47,110,3,0,4,1,0,0,0,336,62,121,210,40,17,4,8,13,0,48,692,56,553,2,151,1,0,0,0,2,1,10,0,0,0,9,0,1292,52,4,164,6,0,0,0,0,0,200,22,2,6,172,0,2,1,1,0,45,0,19,15,36,199,485,0,1,0,1,138,371,328,184,0,52,13,7,26,2,18,7,16,24,6,9,15,7,24,16,9,6,15,2,1366,72,9,169,12,0,0,402,12,6,1748,38,35,5,1400,250,2,3,1,9,148,0,725,0,0,10,0,1,0,237,1365,92,78,2,0,27,15,16,2
Intestinal injury,9,0,11,0,9,5,6,10,10,3,0,21,391,152,138,30,105,43,39,415,13,21,0,64,27,3,152,14,980,151,642,1115,0,1087,6,118,21,888,39,3,57,88,177,104,306,50,2,1870,35,16,11,1285,91,258,65,95,58,17,258,1882,17,0,4,1770,7,7,10,4,2,483,1,0,1,8,331,22,13,11,14393,14602,6,6,0,101,0,5,107,198,129,1,7,0,38,0,5,151,11,461,2,35,27,9,2,1,0,5,173,0,1,3,63,93,88,1,44,232,76,9,0,101,1045,193,482,73,4049,50,512,3,88,537,130,49,92,12,0,19,5,3,0,0,686,124,100,687,221,119,11,16,28,2,67,1512,145,1141,4,1384,5,0,7,3,2,6,95,0,0,0,93,1,498,34,12,819,16,0,10,0,2,0,950,57,1,2,258,7,8,4,1,1,49,0,106,33,106,189,1113,1,1,1,3,302,614,235,306,0,82,14,11,19,2,34,12,113,139,28,45,33,12,139,113,45,28,33,13,1611,78,13,120,38,2,4,1211,9,10,2574,8,13,10,2435,224,67,66,5,18,566,0,1055,0,0,26,0,1,0,239,3934,216,200,9,7,113,90,10,0
Intestinal trauma,4,0,3,0,4,3,2,5,4,0,1,20,217,105,35,15,29,42,37,263,2,4,0,39,6,0,105,2,440,50,290,460,0,457,3,45,15,564,18,0,23,33,57,44,195,22,1,2089,21,12,12,1043,70,103,34,74,48,13,107,2105,17,1,4,1987,2,2,1,2,0,244,0,0,0,6,249,17,3,7,13617,13801,7,1,0,21,0,2,39,62,39,0,4,1,26,0,4,66,5,203,0,10,27,2,1,0,0,1,101,0,1,0,55,43,39,0,7,156,23,5,0,37,428,57,180,27,4410,53,381,1,86,239,68,19,33,2,0,7,1,0,0,0,277,76,67,284,62,40,7,5,10,1,40,641,51,472,3,397,2,0,3,2,0,1,27,0,0,0,26,2,366,26,5,289,5,0,2,0,2,0,277,14,0,0,277,2,2,2,0,0,26,0,37,18,55,85,701,0,0,1,1,118,506,96,220,0,80,12,11,17,1,14,5,16,20,19,27,18,5,20,16,27,19,18,13,1576,72,16,92,30,0,0,406,5,2,2769,6,7,15,1589,184,14,15,4,9,414,0,702,0,0,21,0,1,0,116,4404,145,127,9,9,49,39,8,1
Kidney failure,78,0,28,0,78,52,10,23,2,9,14,24,9896,341,227,199,146,802,1275,4157,29,72,8,1431,63,29,341,212,8290,950,5018,14690,26,14535,232,1473,1189,18841,1983,723,463,311,812,323,2162,650,36,4428,113,101,157,21553,1508,33067,821,3196,1698,484,2338,4437,28,18,128,3675,2021,2021,41,14,15,11698,3,0,1,75,4919,512,15,174,111994,113333,167,9060,0,6820,1,5,191,358,289,42,172,10,934,6,20,999,103,6204,10,260,115,28,1,1,0,29,7300,6,294,300,85,82,78,9,1240,8716,136,386,0,4,2222,269,586,487,15095,2874,803,0,116,7413,1943,652,1289,35,4,799,520,2,8,1,2775,1639,2332,1784,675,374,160,1753,128,0,349,17290,1226,14875,532,1120,25,1,21,11,1,6,457,5,0,4,443,232,3047,318,1613,1079,540,0,1130,7,1,0,2138,649,162,603,6347,77,220,20,67,1,869,0,131,138,1131,5026,10708,0,67,2,9,1276,2186,6442,1951,0,1058,143,162,345,21,213,70,83,99,277,338,138,70,99,83,338,277,138,11,35870,2147,406,1362,467,31,8,9802,81,1590,22883,318,332,5,19495,3765,19,21,3,918,1155,0,6737,0,0,112,1,0,0,10835,15444,1260,1176,85,25,825,588,391,154
Kidney Injury,12,0,40,0,12,13,22,43,7,5,8,57,3320,177,333,141,261,690,832,1586,19,49,7,772,41,14,177,37,3106,719,2572,8420,10,8354,182,702,991,6114,1863,109,197,190,535,278,906,615,32,2472,114,81,113,6499,426,17103,697,546,298,239,2054,2483,25,22,57,2158,1194,1194,72,32,18,3054,3,0,2,30,1407,500,19,65,43233,44047,34,1951,0,1584,0,9,241,423,347,20,61,2,378,2,10,595,128,3016,9,294,134,55,5,1,0,50,1371,0,46,28,89,177,172,9,268,2133,170,79,1,7,1831,318,647,603,6876,850,1191,0,127,3656,850,289,781,44,1,1824,1091,6,0,0,1618,608,920,1880,1061,612,205,2263,103,1,133,9940,947,8674,486,1511,24,2,30,4,3,20,538,2,1,4,515,34,1525,217,2189,1053,782,0,1612,9,3,0,2295,534,35,97,2561,113,341,11,9,1,434,0,118,80,591,1914,3892,0,9,2,4,941,1183,1409,937,0,505,91,77,196,31,128,30,85,134,251,225,80,30,134,85,225,251,80,21,10016,1085,212,693,143,33,35,4701,41,1275,7655,237,267,6,6528,1043,28,35,9,346,1094,0,3793,0,0,48,1,0,0,6805,6433,499,454,58,20,742,573,86,21
Kidney trauma,5,0,5,0,5,6,2,5,1,0,2,55,492,52,64,33,46,79,72,366,7,14,1,55,3,2,52,19,682,78,504,960,2,948,19,127,149,1139,285,7,33,22,54,26,189,63,1,1669,17,7,42,1151,54,2038,209,93,55,67,234,1679,22,7,16,1535,103,103,6,1,2,661,0,0,0,6,250,70,1,14,11229,11395,13,167,0,146,0,2,21,40,25,2,7,0,85,0,6,93,12,433,2,50,79,6,2,0,0,3,282,0,6,1,21,35,34,3,50,324,17,22,0,4,312,42,121,43,4016,96,491,0,107,490,99,32,92,4,1,141,71,0,0,0,228,135,165,373,180,105,19,147,14,0,25,1154,114,987,138,272,6,0,3,2,0,4,74,1,0,2,72,9,416,44,135,178,130,0,103,0,3,0,289,47,4,11,281,12,35,2,1,1,79,0,23,21,116,262,767,0,1,0,2,92,347,289,230,0,90,8,10,46,3,28,10,6,12,26,24,21,10,12,6,24,26,21,23,1784,109,19,151,35,9,4,636,5,112,2187,27,27,8,1234,222,2,3,9,60,367,0,654,0,0,6,1,1,0,928,3936,97,90,15,10,86,70,34,12
Liver failure,488,0,14,0,488,247,10,31,5,31,14,15,3053,130,968,124,576,296,519,910,23,56,34,415,35,17,130,33,1907,3839,2777,3385,16,3336,47,555,92,2730,206,70,125,138,535,282,991,84,4,2544,22,64,31,5589,565,2617,194,383,204,614,496,2532,16,13,9,2022,76,76,25,10,3,891,12,0,1,197,1549,41,75,55,35601,36179,47,222,2,263,3,3,65,188,136,29,66,3,399,4,12,291,33,1900,5,349,109,88,19,3,1,10,854,1,10,10,103,130,113,6,257,1521,90,75,2,6,1072,156,371,104,5682,793,258,0,60,2327,169,346,398,24,5,53,30,21,6,0,1352,664,1266,1393,493,261,60,103,484,0,187,4125,358,3499,39,400,20,2,15,5,15,41,182,1,0,0,177,7,3240,312,84,491,32,0,53,0,0,0,781,152,7,62,1323,15,20,6,4,1,738,0,53,85,571,651,3166,0,4,4,6,582,934,547,555,0,269,69,56,1216,3,136,41,21,28,53,71,85,41,28,21,71,53,85,5,7659,869,175,614,105,13,15,1757,37,70,7502,279,285,7,6439,1444,1,2,6,82,589,1,2473,0,0,42,0,1,0,1655,5177,570,517,200,61,184,140,72,22
Liver injury,336,0,77,0,336,193,20,64,18,20,15,67,2560,267,4834,812,3197,110,228,843,18,53,6,312,100,14,267,80,1735,3954,4938,5922,17,5754,93,1223,136,2379,312,18,141,186,815,524,1142,173,8,2489,51,104,78,3881,302,2107,353,385,221,349,956,2490,28,13,27,2197,120,120,114,59,11,1539,30,4,4,125,1222,155,172,43,31399,32074,24,143,4,264,2,9,213,770,584,25,32,0,422,4,16,585,100,2821,45,1041,127,377,82,9,8,59,809,361,16,9,351,405,382,18,286,803,226,72,2,19,3214,344,1123,296,5236,213,1029,1,219,2278,137,194,360,82,9,224,127,66,7,2,2486,810,1260,3272,2339,1365,185,322,1102,3,231,7351,911,6176,58,2962,74,4,24,14,74,173,605,1,0,3,587,5,1066,110,295,1673,110,0,178,0,3,0,2600,363,3,9,837,61,114,15,30,1,425,0,175,75,629,748,4434,1,30,56,40,680,1112,1046,648,0,176,40,51,662,5,105,19,81,113,142,124,75,19,113,81,124,142,75,37,4803,439,66,122,150,137,261,1801,86,120,4969,60,67,21,6584,1040,13,13,22,137,1533,1,3156,0,0,68,1,2,0,1833,4617,680,661,309,121,382,318,38,13
Liver traumatic injuries,36,0,10,0,36,11,1,4,0,1,1,58,300,40,126,32,94,20,22,189,2,10,0,21,0,0,40,12,333,200,296,339,1,332,6,62,30,507,28,1,15,7,28,20,206,16,0,1736,4,1,23,511,26,161,70,71,31,77,75,1732,21,3,10,1596,1,1,5,0,1,175,0,0,0,20,166,6,1,14,7367,7488,6,3,0,9,0,1,8,17,13,5,5,1,112,1,8,33,4,366,2,44,104,21,3,0,0,3,143,1,0,0,23,30,30,10,6,201,9,1,1,4,253,23,92,18,2833,42,603,1,191,247,10,19,29,1,8,7,0,1,0,0,148,68,119,325,128,44,6,7,77,1,21,432,35,348,11,214,11,1,2,0,0,4,13,0,0,0,13,1,327,28,4,131,7,0,1,0,2,0,127,15,0,0,134,2,6,1,0,0,76,0,14,22,94,69,495,0,0,0,0,33,204,117,159,0,52,8,7,83,0,12,5,2,2,10,13,22,5,2,2,13,10,22,33,795,56,10,114,42,8,8,176,4,4,1628,4,7,19,893,112,1,1,20,29,402,0,409,0,0,11,0,1,0,196,2710,118,114,16,9,36,29,14,5
Major trauma,5,0,6,0,5,36,12,17,10,1,4,332,487,71,39,24,32,131,227,507,10,35,5,176,15,1,71,21,1198,82,708,1398,2,1382,23,99,41,1610,31,17,59,64,151,100,412,55,2,3109,43,40,41,5297,365,292,138,232,165,164,360,3117,43,9,17,2740,12,12,13,3,4,1021,1,0,0,16,753,64,3,49,26536,27297,49,14,1,55,1,0,6,26,15,10,26,1,276,12,14,206,2,552,1,26,889,13,2,0,0,1,438,0,6,4,114,69,69,6,95,709,62,80,0,1,690,160,316,34,8158,347,2970,0,980,705,40,38,129,4,6,14,7,2,0,0,644,211,360,523,141,95,1,30,11,0,27,1878,248,1465,31,297,3,0,6,5,0,1,131,0,0,1,127,8,657,110,18,497,13,0,10,0,61,0,456,85,5,12,1486,9,20,11,1,1,178,0,97,84,346,194,1935,0,1,0,5,241,730,295,864,0,547,43,37,118,2,87,38,25,30,62,78,84,38,30,25,78,62,84,239,8885,434,87,549,54,34,1,514,40,10,8110,43,44,125,6434,1427,1,2,165,99,887,0,3338,0,0,44,7,3,0,204,6846,282,258,27,18,224,176,411,229
Mesenteric injury,4,0,1,0,4,1,1,1,1,0,0,4,135,26,23,2,18,4,4,282,7,10,0,11,4,0,26,2,1042,32,141,227,0,218,1,24,0,532,8,1,14,18,57,26,100,14,0,592,13,0,5,195,15,59,25,12,10,12,75,590,7,0,0,515,3,3,1,2,3,130,0,0,0,2,56,7,0,8,2334,2366,1,6,0,7,0,1,18,28,21,1,3,0,26,0,1,26,2,77,1,6,7,1,0,0,0,1,48,0,0,0,4,19,17,1,0,100,15,0,0,18,248,27,89,8,842,11,87,0,20,118,21,18,17,7,1,8,1,0,0,0,148,28,18,229,52,27,0,6,6,0,12,301,20,228,1,439,1,0,0,1,0,1,13,0,0,0,13,1,181,5,6,328,3,0,3,0,2,0,341,8,1,1,27,1,2,3,0,0,29,0,69,14,97,54,228,0,0,0,0,29,124,46,60,0,14,1,2,10,0,15,6,42,51,5,8,14,6,51,42,8,5,14,5,199,13,0,38,11,1,0,203,6,3,513,0,0,2,554,27,2,1,1,15,71,0,188,0,0,15,0,0,0,49,795,69,63,0,0,29,17,14,2
Musculoskeletal trauma,1,0,2,0,1,31,0,0,0,0,1,22,33,1,1,25,0,1,61,16,0,0,1,47,1,6,1,1,43,0,135,242,0,239,4,15,2,125,1,2,3,4,7,4,30,1,0,812,3,2,4,1355,143,14,32,39,29,4,53,849,5,0,0,704,0,0,1,0,0,218,0,0,0,0,218,2,0,0,8788,8983,45,3,0,4,0,0,0,2,1,7,1,0,13,0,0,21,0,63,0,1,21,0,0,0,0,0,22,0,1,0,34,7,7,0,9,92,3,3,0,0,68,22,31,1,3937,68,314,0,65,67,2,3,15,2,0,1,0,0,0,0,33,99,127,37,9,6,0,1,0,0,2,354,50,260,8,5,0,1,3,3,0,0,17,0,0,0,17,0,17,5,1,19,0,0,0,0,6,0,21,29,0,0,396,6,7,0,1,0,14,0,3,0,48,10,571,0,1,0,1,22,271,84,179,0,167,1,4,4,0,2,0,4,0,4,8,0,0,0,4,8,4,0,20,2696,117,31,64,6,1,0,55,3,2,3305,2,6,38,2952,725,0,0,0,5,124,0,795,0,0,0,17,0,0,7,3183,23,25,0,0,36,34,25,5
Muscular trauma,0,0,0,0,0,10,0,0,0,0,1,2,29,4,6,5,14,1,4,25,0,1,0,3,0,2,4,1,95,5,103,144,0,143,3,11,0,126,1,1,2,1,6,2,11,0,0,402,0,5,24,428,51,43,218,31,11,3,24,399,2,5,7,364,0,0,0,0,0,133,0,0,0,1,97,6,1,3,4761,4811,8,0,0,3,0,0,1,6,2,2,1,0,5,0,1,32,0,55,0,6,6,2,0,0,0,0,20,0,3,1,13,1,2,0,1,66,1,0,0,0,42,4,13,0,1683,12,66,0,6,52,2,2,5,0,0,0,0,0,0,0,30,40,59,102,53,25,0,2,1,0,1,194,19,154,61,28,3,0,1,1,0,0,14,0,0,0,14,1,18,1,1,26,0,0,1,0,0,0,37,8,2,2,42,0,3,0,0,1,2,0,3,3,8,41,319,0,0,0,1,36,146,47,88,0,25,0,1,4,0,1,0,0,2,1,2,3,0,2,0,2,1,3,4,517,15,4,31,3,5,0,73,0,1,983,0,1,1,952,261,0,0,0,31,140,0,357,0,1,2,2,0,0,17,1267,11,16,1,0,19,18,10,5
Multiple trauma,3,0,1,0,3,11,1,1,2,1,3,488,239,35,27,7,20,343,182,380,11,23,2,129,10,1,35,9,563,74,265,696,1,689,14,48,42,1212,25,6,37,22,62,36,287,40,2,3331,38,10,25,2667,245,206,89,169,100,149,193,3332,45,4,9,3001,9,9,3,0,0,307,0,0,0,10,502,7,3,47,17295,17780,28,4,1,6,1,2,8,16,11,19,36,1,176,2,9,67,2,275,0,12,1093,9,3,0,0,1,327,1,2,2,25,40,40,0,46,412,26,42,0,5,448,142,180,24,6280,359,4228,1,1628,219,34,37,71,6,0,4,1,0,0,0,275,144,239,412,49,29,3,9,10,1,28,963,105,723,13,109,0,1,3,2,0,0,51,0,0,0,48,4,2514,410,8,345,3,0,3,0,97,0,131,35,3,6,1006,3,4,24,1,1,153,0,108,123,211,81,1143,1,1,0,3,120,370,104,712,0,386,66,50,116,2,52,30,28,41,30,34,123,30,41,28,34,30,123,280,4173,277,58,492,38,21,3,151,16,8,5953,116,112,162,3292,706,0,0,155,37,371,0,2281,0,0,18,1,0,0,113,5568,183,166,18,13,49,40,160,75
Multi-trauma,0,0,0,0,0,0,0,0,0,0,0,11,2,0,0,1,0,7,5,4,0,1,0,1,0,0,0,1,3,0,0,11,0,11,0,0,0,8,0,0,1,0,0,0,1,0,0,31,0,0,0,16,0,3,0,1,1,0,1,31,0,0,0,33,0,0,0,0,0,4,0,0,0,0,6,0,0,1,104,112,0,0,0,0,0,0,1,1,1,0,0,0,2,0,0,0,0,0,0,0,14,0,0,0,0,0,2,1,0,0,0,0,0,0,1,0,0,1,0,0,4,2,3,0,46,4,36,0,21,0,0,0,1,0,0,0,0,0,0,0,1,1,0,4,0,0,0,1,0,0,0,15,2,11,0,1,0,0,0,0,0,0,0,0,0,0,0,0,6,1,1,2,0,0,1,0,1,0,0,0,0,0,5,0,0,0,0,0,1,0,0,0,1,0,14,1,0,0,0,0,1,0,5,0,6,0,2,2,0,0,0,0,0,0,0,0,0,0,0,0,0,0,4,24,6,2,3,1,0,0,0,0,0,46,1,1,2,19,3,0,0,1,0,2,0,13,0,0,0,0,0,0,0,45,1,1,0,0,0,0,4,3
(multi)trauma,1,0,1,0,1,2,1,1,1,0,0,59,40,6,9,7,7,47,59,58,0,7,0,57,1,0,6,1,117,12,89,258,1,256,11,7,5,185,8,2,4,5,11,5,34,5,0,884,3,15,5,864,110,50,12,18,14,13,50,887,5,1,1,782,2,2,0,0,1,112,0,0,0,0,190,1,0,5,4272,4392,25,8,0,11,0,0,4,4,4,3,1,1,19,0,2,16,0,53,0,1,155,2,0,0,0,0,50,0,0,0,21,5,6,0,8,97,5,7,0,3,92,25,39,8,1651,54,423,0,140,66,3,3,18,2,0,0,0,0,0,0,44,60,85,84,14,13,0,4,4,0,2,335,39,268,6,31,0,0,0,1,0,0,17,0,0,0,14,2,246,24,4,43,0,0,2,1,11,0,29,23,0,1,218,3,4,0,0,1,20,1,5,10,39,23,448,1,0,0,0,31,82,47,148,0,119,10,10,16,0,5,3,6,4,2,8,10,3,4,6,8,2,10,30,1210,87,17,57,6,9,0,48,1,4,1682,16,21,29,1635,367,0,0,8,9,164,0,732,0,0,1,0,0,0,23,1272,23,22,0,0,30,23,19,11
Multiple injuries,7,0,6,0,7,17,5,8,6,1,5,529,359,63,52,14,35,364,227,490,11,27,3,181,11,3,63,12,901,107,532,1202,3,1189,29,88,49,1583,47,9,50,34,85,54,356,52,2,4247,45,34,41,4052,396,340,146,207,124,165,284,4248,51,8,16,3803,19,19,8,0,3,553,0,0,0,12,738,25,5,59,26460,27088,49,11,1,28,1,3,12,30,19,27,41,1,207,2,9,125,3,407,0,22,1279,10,3,0,0,1,405,1,7,2,54,62,64,0,58,576,37,50,0,6,647,170,243,36,9413,496,4617,1,1685,380,45,46,111,13,0,15,7,3,0,0,426,223,389,530,85,60,5,19,18,1,35,1616,207,1259,19,198,3,1,7,5,0,0,126,0,0,0,120,8,3102,438,17,448,12,0,10,0,102,0,259,68,5,10,1481,7,9,24,1,0,178,0,114,136,273,148,1796,1,1,3,11,182,652,194,941,0,491,69,56,130,2,65,32,42,57,47,53,136,32,57,42,53,47,136,293,6570,404,78,590,50,28,3,295,21,14,8383,124,120,188,6131,1455,0,0,155,66,623,0,3672,0,0,24,4,0,0,197,7879,227,207,29,18,149,118,174,79
Multiple organ failure,8,0,5,0,8,9,2,2,1,2,3,63,560,117,88,5,68,1085,244,566,24,56,2,138,8,6,117,10,828,323,439,1134,1,1130,12,106,29,1248,119,19,32,41,122,81,389,39,2,764,46,13,37,1924,160,745,134,367,190,142,275,764,4,7,12,635,10,10,5,0,0,228,2,0,0,13,508,4,3,80,9821,9979,9,38,1,32,1,1,15,33,22,21,64,6,175,0,4,87,2,345,0,25,152,5,1,0,0,1,261,2,8,2,11,75,70,4,81,775,21,59,0,10,814,234,336,31,1172,216,755,0,293,589,31,82,103,6,2,16,5,1,0,0,405,177,253,713,150,96,4,18,24,0,60,1357,109,1174,27,285,0,0,5,1,1,2,32,0,0,0,30,8,18939,1360,16,569,6,0,12,1,18,0,436,49,6,23,553,4,3,29,3,0,256,1,149,178,214,104,975,0,3,0,2,210,231,81,490,0,247,167,107,131,1,273,38,61,94,101,69,178,38,94,61,69,101,178,24,2370,361,86,761,32,1,2,256,10,38,2137,737,708,46,1914,267,1,1,19,86,339,2,930,1,0,13,0,0,0,363,1118,291,273,19,4,40,30,41,4
Multiple organ dysfunction,1,0,1,0,1,4,1,2,1,0,1,16,307,62,75,6,53,589,151,329,12,34,0,92,7,0,62,8,455,174,291,706,1,698,14,72,19,664,78,12,23,21,65,44,172,21,0,159,23,7,32,944,104,458,84,213,123,65,148,159,1,5,12,123,9,9,5,1,3,123,2,0,1,3,284,1,3,48,3898,3990,7,20,0,14,0,0,9,22,14,5,30,4,73,0,2,55,1,225,0,27,70,1,1,0,0,0,125,0,9,3,10,62,57,1,35,378,18,38,0,5,572,160,241,21,448,116,321,0,112,206,14,36,47,4,0,13,3,0,0,0,219,106,125,406,92,49,1,15,13,0,43,223,78,727,11,162,0,0,6,0,0,1,36,0,0,0,34,7,5345,1820,15,273,4,0,10,1,8,0,334,51,2,15,303,2,1,9,3,0,139,0,58,97,106,55,552,0,3,0,0,129,100,53,239,0,151,125,81,72,0,127,23,23,42,47,25,97,23,42,23,25,47,97,10,1036,223,49,361,14,1,1,138,4,31,1017,399,410,24,1068,148,1,1,7,47,191,1,600,0,0,8,0,0,0,223,375,136,128,8,6,44,33,18,2
Multiorgan dysfunction syndrome,0,0,0,0,0,0,0,0,0,0,0,2,29,8,4,0,6,45,8,26,0,3,0,10,1,1,8,2,50,8,24,56,0,56,0,5,0,62,2,2,4,3,11,5,19,2,0,25,3,0,1,104,16,33,6,17,12,8,22,25,0,1,0,24,0,0,0,0,0,10,0,0,0,0,29,0,0,3,521,546,0,0,0,0,0,0,1,4,3,0,1,0,3,0,0,9,0,15,0,3,4,1,1,0,0,0,13,0,0,0,0,6,6,0,4,43,2,2,0,0,39,11,13,5,65,13,19,0,5,43,3,10,10,3,0,2,1,0,0,0,36,11,13,30,10,5,0,1,1,0,5,69,5,58,4,8,0,0,0,0,0,0,1,0,0,0,0,0,326,70,1,16,0,0,1,0,0,0,14,1,0,0,26,1,0,0,0,0,20,0,2,8,14,10,56,0,0,0,0,18,6,8,19,0,14,17,13,3,0,17,2,2,3,3,1,8,2,3,2,1,3,8,0,101,15,3,55,2,0,0,19,0,0,135,15,14,3,81,20,0,0,0,2,26,0,85,0,0,0,0,0,0,14,56,11,12,3,0,8,5,2,0
Multi-organ failure,11,0,5,5,11,11,2,2,1,2,3,64,614,131,101,7,79,1133,263,599,25,59,2,160,8,6,131,13,890,367,502,1265,2,1260,17,118,31,1340,125,25,41,51,140,96,431,42,3,870,50,23,40,2167,198,846,146,394,209,156,309,870,4,9,15,723,15,15,5,1,3,262,2,0,0,15,570,4,3,86,11129,11340,13,58,1,47,1,1,15,35,23,21,64,6,188,0,5,97,2,381,0,27,164,6,2,0,0,2,294,2,10,3,16,78,73,4,103,873,24,66,0,10,868,249,364,32,1361,246,781,0,298,679,38,113,132,6,2,18,6,1,0,0,470,208,298,775,167,108,4,22,30,0,69,1509,125,1308,29,296,0,0,6,1,1,2,41,0,0,0,39,9,18952,1391,20,607,9,0,14,1,19,0,477,50,6,25,603,6,5,29,3,0,279,1,155,192,239,122,1093,0,3,0,2,260,254,93,517,0,279,178,115,144,1,284,42,63,99,103,71,192,42,99,63,71,103,192,24,2718,394,92,846,40,1,2,283,11,42,2491,795,765,49,2127,337,2,2,19,106,381,2,1096,0,0,15,0,0,0,393,1285,322,296,22,4,46,39,45,5
Organ failure,30,0,11,0,30,22,4,10,4,5,5,76,1367,196,174,26,128,2045,798,1454,51,129,11,538,23,6,196,39,2349,803,1254,3170,7,3147,53,244,79,3892,214,150,153,106,352,195,791,85,4,1629,63,78,53,5401,439,2270,233,810,434,250,642,1640,8,14,29,1319,65,65,12,5,10,1085,5,0,0,24,1341,41,9,159,27104,27639,32,326,1,288,1,1,24,65,43,43,113,9,326,1,9,263,3,1087,1,47,263,11,2,0,0,2,701,294,18,13,37,110,100,6,444,2560,64,188,0,15,1357,365,551,68,3395,729,1070,0,345,1678,114,178,281,14,2,47,18,6,2,0,1162,514,692,1512,282,174,7,95,65,0,117,3862,358,3271,42,453,3,0,13,1,2,11,176,1,0,0,168,30,18966,2199,88,885,22,0,60,1,20,0,933,145,27,119,1696,14,20,38,4,1,493,1,186,363,423,460,2660,0,4,0,4,509,678,376,1093,0,658,421,271,265,3,404,75,85,132,164,120,363,75,132,85,120,164,363,37,7321,1035,245,1546,79,2,3,961,27,104,6154,2846,2205,58,5814,1284,3,2,22,242,861,5,2592,0,0,42,0,0,0,889,3229,572,529,34,7,165,125,84,19
Organ injury,20,0,18,0,20,18,5,14,12,6,6,166,979,235,492,84,362,541,205,1151,38,117,1,185,22,15,235,14,2354,475,1446,2778,5,2738,56,320,95,3079,278,39,104,108,285,174,692,137,7,1798,94,61,104,2966,221,1964,398,277,171,110,823,1817,30,18,39,1571,83,83,37,14,14,1029,5,0,0,17,864,79,12,67,19889,20293,22,130,1,153,1,5,39,129,97,22,46,2,194,1,8,269,6,1179,5,113,304,71,19,2,0,12,576,4,7,5,121,218,202,2,142,1131,114,56,0,17,1691,362,632,114,3744,228,1895,2,561,1087,43,96,189,27,2,174,77,7,1,0,1128,388,396,1652,836,523,15,184,98,1,103,3519,441,2907,47,1336,10,1,15,3,6,22,223,3,1,2,211,14,5606,870,173,1470,61,0,120,1,35,0,1554,170,8,22,689,18,43,36,7,1,250,0,281,264,414,750,2520,0,7,17,12,391,595,504,940,0,315,96,73,138,5,170,47,101,159,114,85,264,47,159,101,85,114,264,82,3581,338,63,712,89,28,38,1205,20,121,3832,554,454,75,4020,726,7,5,41,264,1623,0,2391,0,0,37,1,2,0,1045,3079,473,471,25,20,329,229,56,19
Pancreatic trauma,3,0,0,1,3,4,0,0,0,0,1,13,63,561,10,3,8,12,5,53,1,5,0,6,0,1,561,5,116,26,107,148,1,145,2,21,1,132,12,1,6,3,7,4,52,10,0,979,3,3,5,225,17,52,6,38,27,6,33,977,11,0,2,883,3,3,1,0,1,66,0,0,0,2,66,1,1,2,3687,3748,1,1,0,3,0,0,0,2,1,0,3,0,14,0,0,11,0,269,0,8,25,2,2,0,0,0,42,0,0,0,4,12,15,1,5,42,1,1,0,0,93,17,31,4,1448,26,199,0,50,64,4,3,16,1,0,3,1,3,0,0,42,34,41,59,28,22,0,1,7,0,200,189,18,151,2,78,7,0,2,1,0,1,14,3,1,0,14,0,112,4,1,130,3,0,1,0,0,0,45,12,0,0,51,2,7,32,0,1,11,0,41,7,11,19,169,0,0,0,0,18,143,21,57,0,10,5,1,4,0,2,3,9,11,3,5,7,3,11,9,5,3,7,10,349,17,1,23,3,1,0,104,1,4,928,2,3,7,329,41,1,1,2,5,52,1,228,0,0,0,0,0,0,52,1494,40,37,2,0,27,26,4,1
Pancreatic injury,15,0,1,0,15,14,0,2,2,1,2,13,174,1186,80,10,58,24,16,91,4,8,0,29,5,1,1186,4,266,117,332,479,1,470,6,61,4,276,38,1,18,21,55,38,127,22,0,913,10,3,15,435,36,211,36,73,40,17,98,911,11,1,3,811,7,7,14,7,3,257,1,0,0,10,117,8,8,9,4672,4751,4,7,0,30,0,0,3,16,13,3,10,0,38,0,0,52,1,815,1,36,27,4,0,0,0,0,102,0,1,2,28,47,52,1,18,80,10,6,0,0,416,59,142,19,1367,29,255,0,50,215,5,13,30,10,0,22,4,7,0,0,188,63,92,195,114,79,1,8,24,0,544,624,62,512,6,446,4,0,2,0,0,4,62,11,3,6,62,0,223,15,6,490,9,0,5,0,0,0,270,31,0,0,76,6,13,94,0,0,25,0,102,22,42,52,372,0,0,1,0,82,202,83,117,0,16,7,3,14,0,22,7,23,39,15,11,22,7,39,23,11,15,22,9,483,28,4,45,7,5,2,392,6,12,981,7,3,3,725,100,4,4,2,16,134,7,424,1,0,8,0,2,0,265,1341,102,98,9,4,70,59,6,1
Pelvic Injury,6,0,0,1,6,4,1,1,1,0,0,179,34,10,3,5,3,10,56,135,2,4,1,36,0,1,10,0,178,12,108,169,1,166,5,16,4,413,7,1,5,1,3,1,54,0,0,2706,0,2,1,1095,80,105,28,19,25,17,28,2702,46,0,0,2412,2,2,1,0,0,125,0,0,0,3,249,2,1,12,11871,12062,12,4,0,5,0,0,1,2,1,2,5,0,28,0,0,13,1,38,0,3,191,0,0,0,0,1,150,0,0,1,16,1,1,0,6,116,0,1,0,0,23,8,12,0,6229,109,1142,0,460,30,5,5,8,0,0,4,2,0,0,0,33,65,85,79,9,6,1,8,2,0,9,275,9,172,6,21,0,0,1,1,0,0,3,0,0,0,2,3,107,16,7,24,3,0,6,0,18,0,92,10,0,0,373,2,6,1,1,1,15,1,3,8,32,27,694,1,1,0,0,16,328,54,154,0,112,1,1,13,0,3,1,1,0,7,12,8,1,0,1,12,7,8,70,2033,109,19,72,14,2,0,69,0,9,4115,3,4,23,1747,356,0,0,29,3,79,0,956,0,0,0,1,0,0,30,5806,31,23,0,0,27,22,96,50
Pelvic trauma,3,0,0,0,3,3,0,0,1,0,0,178,30,14,1,7,1,9,57,123,1,1,1,37,0,0,14,0,161,8,95,135,1,134,3,13,2,416,4,0,3,0,4,3,61,0,0,2992,0,2,1,1173,94,68,27,24,28,20,30,2991,49,0,0,2690,0,0,0,1,0,117,0,0,0,2,298,1,0,16,12710,12941,17,3,0,2,0,0,0,1,0,2,6,0,31,0,2,11,0,35,0,0,191,0,0,0,0,0,143,0,0,1,21,1,1,0,5,103,1,1,0,0,23,7,12,0,6894,112,1122,0,470,30,2,3,4,0,0,1,0,0,0,0,28,62,78,74,7,7,0,0,0,0,11,240,7,140,3,14,0,0,1,1,0,0,4,0,0,0,3,2,106,19,0,12,1,0,0,0,18,0,43,5,0,0,400,2,2,1,1,1,13,1,1,6,32,19,786,1,1,0,1,20,344,42,155,0,128,2,1,16,0,2,0,2,1,4,14,6,0,1,2,14,4,6,74,2198,115,19,63,18,2,0,57,0,5,4525,2,3,25,1788,389,0,0,29,2,69,0,1020,0,0,0,1,0,0,24,6438,0,26,0,1,18,14,116,58
Pelvic fracture,1,0,0,0,1,1,0,0,0,0,0,96,10,3,0,10,0,5,41,60,1,2,1,22,0,0,3,1,59,2,46,45,0,44,1,9,1,214,2,1,2,2,4,2,18,0,0,1578,0,1,2,529,43,21,9,12,9,7,12,1578,25,0,0,1414,0,0,0,0,0,140,0,0,0,2,130,2,0,11,5699,5795,10,3,0,2,0,0,0,0,0,2,5,0,19,0,0,1,0,18,0,0,124,0,0,0,0,0,62,0,0,1,1,0,0,0,0,59,0,1,0,0,14,5,3,0,3660,75,709,0,284,16,2,3,3,0,0,0,0,0,0,0,7,18,37,40,1,2,0,0,0,0,6,89,4,47,1,4,0,1,0,0,0,0,3,0,0,0,3,1,64,8,0,6,0,0,0,0,10,0,4,2,0,0,191,0,0,1,1,0,4,1,1,4,17,6,342,1,1,0,0,5,193,32,78,0,52,1,1,10,0,1,0,1,0,0,2,4,0,0,1,2,0,4,40,985,69,13,31,7,0,0,22,0,1,2320,2,3,16,731,205,0,0,10,2,24,0,583,0,0,0,0,0,0,7,3340,11,8,0,0,1,1,79,45
Physical trauma,6,0,1,0,6,111,6,9,5,0,7,248,673,80,77,52,73,95,390,2487,79,115,4,279,7,12,80,14,3348,88,1094,1549,3,1520,16,187,69,8347,57,15,24,20,56,44,666,26,0,6111,9,56,91,9657,836,525,633,324,214,103,350,6146,65,17,27,5471,18,18,11,2,0,1703,1,0,0,10,2172,64,3,46,97155,97819,172,38,0,42,0,1,16,41,23,60,23,0,142,2,18,186,1,1239,0,32,1582,14,2,0,0,2,714,0,16,12,184,21,21,3,28,4674,20,9,0,10,599,93,192,19,24748,554,3903,0,389,455,38,30,90,10,2,14,3,1,0,0,388,636,1114,1170,224,139,2,21,16,0,34,2226,141,1592,134,308,9,0,7,7,0,3,59,0,0,0,56,52,231,45,16,292,23,0,5,0,25,0,465,79,3,17,2577,9,23,3,1,0,157,0,36,142,205,436,5728,0,1,0,15,174,1129,459,1992,0,946,15,25,102,0,26,100,34,24,17,61,142,100,24,34,61,17,142,282,15818,819,179,1268,114,80,0,1133,11,49,23086,26,21,218,23049,5480,1,1,32,130,5258,0,5284,0,1,15,25,0,0,384,20504,432,399,18,20,148,128,155,61
Poly-trauma,0,0,0,0,0,0,0,0,0,0,0,2,2,0,0,0,0,0,0,3,0,0,0,0,0,0,0,0,3,0,0,1,0,1,0,0,1,5,0,0,0,0,1,1,0,0,0,10,0,0,0,10,1,1,0,2,1,0,0,10,0,0,0,8,0,0,0,0,0,0,0,0,0,0,1,0,0,0,42,45,0,0,0,0,0,0,0,0,0,0,0,0,0,0,0,1,0,1,0,0,1,0,0,0,0,0,1,0,0,0,0,1,1,0,0,1,0,0,0,0,0,0,0,0,19,2,9,0,7,1,0,0,0,0,0,0,0,0,0,0,1,1,2,3,0,0,0,0,0,0,0,2,0,1,0,1,0,0,0,0,0,0,0,0,0,0,0,0,5,1,0,0,1,0,0,0,1,0,1,0,0,0,3,0,0,0,0,1,0,0,0,1,0,0,4,0,0,0,0,0,1,0,2,0,1,0,0,0,0,0,0,0,0,0,0,1,0,0,0,0,0,1,0,6,0,0,1,0,0,0,0,0,0,21,0,0,0,9,3,0,0,0,0,0,0,13,0,0,0,0,0,0,0,15,0,0,3,3,0,0,0,0
Polytrauma,3,0,1,0,3,11,2,2,2,2,4,520,253,37,30,7,23,357,193,412,11,25,2,145,10,2,37,10,591,75,277,747,1,740,14,50,44,1290,26,7,37,22,67,39,305,45,2,3507,40,10,30,2816,255,221,98,178,106,159,207,3507,45,5,10,3156,9,9,3,0,0,310,0,0,0,10,546,7,3,49,18104,18633,28,4,1,6,1,2,8,17,12,19,38,1,190,3,9,68,2,295,0,12,1159,9,3,0,0,0,351,1,2,2,27,42,42,0,49,430,26,46,0,5,479,150,195,25,6583,378,4402,1,1735,230,37,39,75,8,0,4,1,1,0,0,291,156,252,435,50,32,3,9,10,1,29,1038,113,775,17,114,0,1,3,2,0,0,52,0,0,0,49,5,2531,411,8,362,3,0,3,0,105,0,135,39,3,6,1049,3,4,24,1,0,162,0,113,130,222,83,1235,1,1,0,3,124,379,104,733,0,410,70,59,124,2,57,35,28,41,31,37,130,35,41,28,37,31,130,296,4344,293,62,521,40,23,3,160,17,8,6272,122,118,172,3482,742,0,0,167,41,387,0,2414,0,0,18,1,0,0,119,5839,197,179,20,15,50,42,169,82
(poly)trauma,2,0,0,0,2,2,1,2,0,0,0,2,46,2,2,15,0,3,0,16,0,0,0,1,1,1,2,0,70,1,71,76,0,75,0,11,2,35,2,3,2,4,11,4,18,1,1,160,4,8,1,160,12,14,4,12,6,4,9,190,2,0,1,149,1,1,3,0,0,180,0,0,0,1,27,12,0,1,1288,1310,2,0,0,3,0,0,0,1,1,1,1,1,15,0,0,23,0,28,0,3,5,1,0,0,0,0,15,0,0,0,78,4,3,0,1,13,1,0,0,0,41,13,17,0,436,2,23,0,9,25,1,1,10,1,0,0,0,0,0,0,50,12,33,910,19,12,0,1,0,0,3,135,15,86,0,55,0,0,0,0,0,0,6,0,0,0,6,0,10,2,1,41,1,0,0,0,1,0,86,14,0,0,14,5,11,0,0,1,3,1,2,5,20,4,107,0,0,0,0,13,29,304,81,0,12,0,0,3,0,0,0,3,4,3,3,5,0,4,3,3,3,5,2,77,8,0,6,2,0,1,59,0,1,267,1,2,5,522,498,0,0,1,4,116,0,193,0,0,1,0,0,0,31,317,6,6,4,4,43,43,0,0
Postinjury coagulopathy,0,0,0,0,0,0,0,0,0,0,0,1,0,0,0,0,0,0,1,4,0,0,0,0,0,0,0,0,6,0,0,3,0,3,0,0,0,10,0,0,0,0,0,0,3,0,0,2,0,0,0,6,2,0,0,0,0,15,0,2,0,0,0,2,0,0,0,0,0,2,0,0,0,0,2,0,0,1,37,37,0,0,0,0,0,0,0,0,0,0,1,1,9,0,1,0,0,0,0,0,3,0,0,0,0,0,1,1,0,0,0,0,0,0,0,1,0,0,0,0,1,0,0,0,3,3,20,0,6,0,0,0,0,0,0,0,0,0,0,0,0,1,6,3,0,0,0,0,0,0,0,3,1,3,0,0,0,0,0,0,0,0,0,0,0,0,0,0,1,0,0,1,0,0,0,0,1,0,0,1,0,0,5,0,0,0,0,0,6,0,0,0,11,0,4,0,0,0,0,1,1,0,4,0,11,0,0,9,0,5,0,0,1,0,0,0,0,1,0,0,0,0,0,12,1,0,0,0,0,0,2,0,0,9,0,0,0,15,5,0,0,0,0,6,0,8,0,0,0,0,0,0,0,2,1,1,0,0,0,0,1,1
Posttrauma,0,0,0,0,0,0,0,0,0,0,0,7,16,1,0,0,0,5,3,15,0,0,0,1,0,0,1,0,23,0,10,32,0,31,1,1,2,45,0,0,1,4,5,1,16,3,1,32,2,1,0,89,2,4,0,7,2,5,5,32,0,0,0,26,0,0,0,0,0,8,0,0,0,1,11,0,0,3,414,425,0,0,0,0,0,0,0,2,2,0,3,0,8,0,0,4,0,16,0,0,31,0,0,0,0,0,11,0,0,0,0,1,1,0,2,27,2,3,0,0,23,6,12,3,83,7,86,0,18,14,1,0,5,1,0,0,0,0,0,0,18,1,5,11,1,1,0,0,0,0,0,39,3,35,0,15,0,0,0,0,0,0,0,0,0,0,0,1,29,12,0,30,0,0,0,0,0,0,9,0,1,0,19,0,0,0,0,1,6,1,8,2,6,6,37,0,0,0,0,3,4,12,24,0,9,2,2,4,0,1,1,1,1,5,2,2,1,1,1,2,5,2,2,116,3,1,6,1,1,0,6,0,0,95,1,1,1,117,16,0,0,1,0,17,0,39,0,0,1,0,0,0,3,60,13,14,1,1,2,2,2,0
Renal failure,101,0,29,0,101,76,10,21,2,8,16,32,11006,401,262,218,175,1066,1423,4997,31,86,8,1589,62,37,401,231,9657,1306,5672,15839,22,15660,242,1643,1270,21701,2119,983,504,344,904,354,2611,735,46,5601,121,97,201,25141,1793,35414,1082,3578,1902,629,2546,5603,35,18,170,4612,2071,2071,39,15,15,12873,5,0,1,80,5684,582,19,210,127243,128838,189,9163,0,6900,3,3,194,368,295,54,193,10,1098,4,31,1119,100,7019,11,306,187,32,3,1,0,29,8158,7,332,322,104,81,81,13,1093,10716,160,362,1,2,2415,314,614,498,17946,3566,856,0,154,8104,2264,806,1528,34,4,790,522,1,8,1,2990,1912,2760,2175,792,460,159,1756,158,0,388,18808,1306,16030,638,1287,26,3,23,10,1,5,468,5,0,4,452,261,3728,464,1613,1211,593,0,1136,7,1,0,2428,669,234,837,7625,90,244,24,82,1,1214,0,169,177,1449,5570,12197,0,82,7,13,1515,2624,6876,2266,0,1268,187,186,485,23,270,84,95,110,300,376,177,84,110,95,376,300,177,17,40957,2439,455,2072,565,33,9,10965,86,1637,26802,437,449,12,22378,4227,19,21,5,1148,1436,1,7749,1,0,115,0,0,0,11664,18438,1512,1390,106,26,933,677,533,196
Renal trauma,4,0,3,0,4,8,3,6,0,0,1,47,500,45,39,23,30,117,71,454,7,14,0,59,2,2,45,12,805,79,471,819,1,805,12,116,142,1317,246,11,20,23,38,20,173,44,2,1896,12,5,39,1440,100,2063,225,117,56,69,183,1900,20,8,18,1720,86,86,3,1,2,695,0,0,0,2,307,74,2,21,11131,11331,18,167,0,138,0,1,13,31,22,6,12,0,79,0,9,77,6,389,2,42,99,7,3,0,0,4,312,1,8,0,18,26,26,0,35,396,9,20,0,2,248,39,85,27,4166,144,529,0,121,468,86,30,86,2,0,106,53,1,0,0,147,138,177,359,140,78,11,100,10,0,21,1015,90,838,151,202,2,0,3,2,0,1,46,1,0,1,45,10,470,70,92,122,126,0,71,0,3,0,262,39,3,13,398,13,26,1,1,1,94,0,16,21,112,270,809,0,1,0,1,107,395,287,261,0,141,11,9,71,2,38,11,2,7,33,25,21,11,7,2,25,33,21,36,2282,113,22,263,38,13,2,605,4,92,2569,41,40,16,1273,224,1,2,9,68,316,0,666,0,0,6,0,0,0,877,4056,97,89,16,10,84,61,70,24
Renal injury,10,0,29,0,10,10,18,34,5,4,6,49,2788,140,217,91,168,598,538,1568,15,46,3,513,34,14,140,33,3104,523,2155,6686,9,6634,124,570,886,5901,1669,102,161,181,457,218,676,513,29,2474,101,57,117,5609,404,14899,621,463,224,199,1613,2481,20,13,78,2171,933,933,59,26,10,2652,4,0,1,21,1296,449,16,68,36428,37102,26,1668,0,1350,0,7,179,321,268,21,58,2,314,0,11,455,92,2502,7,235,129,33,4,1,0,45,1189,1,34,25,79,141,143,4,183,1764,144,74,1,6,1506,239,505,452,6346,652,1065,0,140,2900,784,241,625,38,0,1438,852,4,0,0,1275,532,754,1495,822,484,150,1605,66,1,103,8026,760,6910,460,1236,14,2,29,2,3,7,401,2,1,2,382,37,1374,204,1554,814,727,0,1147,8,3,0,2057,447,24,77,1790,103,288,12,7,1,355,0,88,68,468,1659,3542,0,7,0,3,819,1069,1267,837,0,441,66,62,185,26,121,29,67,106,225,197,68,29,106,67,197,225,68,33,8423,771,144,673,117,29,24,4146,35,1007,6658,183,218,10,5421,859,21,23,9,382,873,0,3190,0,0,44,0,0,0,6119,6012,376,349,51,22,659,522,66,17
Severe bleeding,38,0,1,0,38,26,2,2,0,0,6,92,623,143,64,7,50,167,176,1394,35,86,2,162,18,7,143,9,2229,314,493,1071,3,1069,16,98,31,3467,53,22,81,50,134,70,1573,86,1,4889,17,17,22,5373,480,762,103,231,137,1096,322,4870,37,4,10,4232,16,16,4,1,3,511,3,0,0,9,1193,70,5,177,31372,31899,23,87,0,87,1,0,4,8,5,69,175,14,1030,23,32,278,1,500,0,21,890,3,1,0,0,1,1648,4,6,8,35,31,29,7,98,1427,26,27,0,0,411,79,164,16,8654,437,755,0,211,2537,297,239,504,5,6,8,3,1,1,1,531,375,755,713,143,103,1,6,24,0,59,1412,106,1121,10,275,0,0,4,1,0,0,22,0,0,0,21,22,661,61,6,365,6,0,4,0,10,0,298,41,3,11,1533,4,3,7,0,0,1991,0,39,151,1958,215,2187,0,0,3,6,366,942,167,685,0,416,22,38,840,2,442,89,14,39,128,95,151,89,39,14,95,128,151,31,6603,369,63,733,222,121,4,770,11,22,7803,36,38,25,4949,993,1,2,24,96,607,0,2251,0,0,26,0,0,0,333,7887,435,391,31,22,217,166,478,211
Severity of Trauma,6,0,4,0,6,22,4,10,2,0,5,1792,530,103,53,24,49,658,722,689,30,58,10,453,4,4,103,19,1140,110,574,1990,2,1974,43,102,32,2588,48,14,39,44,97,52,526,56,2,5150,22,25,53,7321,618,440,222,337,205,262,259,5150,79,10,20,4622,15,15,13,4,1,622,3,0,0,15,1344,31,8,96,40813,41663,77,25,0,22,0,2,19,33,19,29,74,2,282,11,12,153,3,575,2,28,4336,10,2,0,0,2,642,263,10,4,89,56,56,2,66,1065,37,61,0,7,701,201,276,44,12058,935,23255,1,4615,624,48,39,111,17,2,13,6,1,0,0,379,319,532,824,101,71,5,34,15,1,45,2663,208,2016,32,191,2,1,3,2,2,5,73,1,0,0,67,11,1068,374,26,355,12,0,14,0,245,0,226,72,4,14,3244,7,14,19,0,1,270,1,77,195,304,186,3109,0,0,0,4,141,541,174,1467,0,843,107,90,208,2,83,63,22,20,72,85,195,63,20,22,85,72,195,984,12178,1144,282,948,76,77,3,491,14,37,17385,172,164,599,11557,1841,1,1,530,117,1058,0,2915,0,1,21,11,0,0,200,9888,347,313,16,8,96,83,248,152
Severe trauma,18,0,4,0,18,27,7,10,8,1,5,923,707,135,107,40,81,377,428,1601,71,142,5,312,13,8,135,20,2243,158,955,2022,0,1997,37,125,59,4110,87,25,77,105,199,136,660,82,5,6384,47,40,80,6680,558,619,360,351,208,355,415,6384,51,6,38,5676,18,18,10,1,8,1316,4,0,0,24,1318,50,10,109,45591,46525,66,28,0,46,0,3,17,44,33,49,85,5,433,20,11,260,3,1061,1,31,4024,18,4,0,0,2,698,293,3,6,120,105,105,9,111,1255,77,92,0,7,972,251,452,61,14978,519,6008,1,1582,1375,98,91,231,19,7,23,9,4,0,0,763,351,545,1212,218,146,5,31,20,1,51,2667,232,2073,69,459,5,1,9,4,0,3,107,0,0,0,105,14,1191,239,23,630,26,0,12,0,78,0,439,84,4,16,2022,9,29,27,0,1,345,1,125,326,463,398,3169,0,0,2,7,335,1114,446,1785,0,707,121,90,279,7,120,206,28,33,85,106,326,206,33,28,106,85,326,325,9057,732,142,967,82,125,5,1063,36,34,12552,107,129,174,9719,1818,3,3,124,163,1716,0,3998,0,1,62,4,0,0,382,12242,414,382,49,27,153,143,147,65
Small bowel injury,3,0,3,0,3,2,1,1,2,1,0,15,156,87,34,12,28,11,2,178,7,8,0,7,9,1,87,2,449,61,217,348,0,337,4,45,9,382,18,1,16,34,51,41,139,14,0,993,8,6,2,389,38,102,25,27,12,5,65,994,12,0,3,923,1,1,3,2,0,129,0,0,0,3,103,9,5,1,6110,6194,0,3,0,31,0,1,36,52,37,0,2,0,10,0,2,43,3,206,1,14,23,6,0,0,0,1,81,0,0,1,21,19,16,1,15,85,15,3,0,35,258,53,111,12,1829,15,212,1,42,192,51,13,26,2,1,7,0,2,0,0,239,40,49,253,79,48,1,3,10,0,27,501,59,358,1,507,3,0,3,2,0,1,22,1,0,1,21,0,154,6,3,261,6,0,1,0,4,0,335,15,0,1,59,2,2,0,1,0,20,0,42,11,27,81,386,1,1,1,1,76,247,83,99,0,31,4,2,4,0,4,6,43,57,7,19,11,6,57,43,19,7,11,8,432,25,2,41,26,1,4,339,3,3,1130,0,0,2,831,75,20,18,1,6,189,0,382,0,0,9,0,0,0,109,1782,103,92,0,0,22,16,3,0
Splenic injury,11,0,6,0,11,8,12,15,2,0,1,67,186,73,95,19,60,5,7,131,2,4,0,12,26,2,73,7,293,69,207,430,0,423,4,53,10,425,28,0,168,126,478,309,515,50,1,1645,10,5,7,351,21,120,13,21,10,27,158,1645,30,2,1,1511,3,3,18,17,1,84,0,0,0,15,102,16,1,4,7262,7365,2,4,0,3,0,1,4,12,10,1,1,0,71,0,8,77,0,118,1,19,77,7,0,0,0,0,227,0,0,0,17,28,28,41,22,128,152,13,0,3,414,21,359,40,2546,30,621,0,171,605,44,107,144,13,35,21,6,1,0,0,1542,58,73,179,76,43,0,9,17,0,36,552,53,443,2,178,9,2,2,0,0,2,21,0,0,0,21,2,136,7,9,286,6,0,4,0,2,0,231,18,1,1,90,3,6,0,0,1,122,1,22,6,139,32,422,0,0,2,2,90,202,85,127,0,32,1,2,29,5,7,5,8,14,7,10,6,5,14,8,10,7,6,17,442,27,5,55,96,2,9,146,94,8,1287,1,0,9,820,87,2,2,10,11,142,0,409,0,1,90,1,9,0,139,2492,304,302,4,4,49,31,19,11
Splenic trauma,4,0,4,0,4,5,9,12,2,1,0,66,95,54,19,7,17,3,4,121,0,1,0,4,11,1,54,3,221,21,90,230,0,227,2,21,4,357,9,0,127,79,210,142,411,28,1,1773,5,2,5,280,20,31,7,21,5,22,85,1774,32,2,0,1622,1,1,1,0,0,50,0,0,0,9,70,4,0,3,6766,6866,2,2,0,2,0,1,1,2,2,0,1,0,67,0,7,29,0,59,0,6,78,3,0,0,0,0,184,0,0,0,6,14,15,46,7,85,88,9,0,1,232,5,185,20,2702,28,608,0,170,407,43,103,89,4,44,4,0,1,0,0,948,35,51,127,36,15,0,0,10,0,20,300,23,234,1,78,8,2,3,0,0,0,11,0,0,0,11,2,104,5,0,131,2,0,0,0,2,0,100,6,1,1,90,1,1,0,0,1,93,0,9,5,105,20,298,0,0,0,0,26,166,44,98,0,33,2,1,19,7,2,2,3,5,2,8,5,2,5,3,8,2,5,17,437,22,5,41,75,0,1,100,73,1,1323,1,0,10,610,67,0,0,10,4,124,0,247,0,1,68,1,12,0,83,2713,254,256,4,4,17,11,20,10
Trauma,131,0,78,0,131,774,91,158,69,5,59,2421,5828,887,724,506,580,1296,2422,6791,242,456,29,1895,134,94,887,167,15880,996,8639,16488,21,16299,217,1188,356,21437,437,150,755,552,1317,843,5338,518,23,67967,276,584,560,53747,4398,3823,2471,2245,1400,1637,3580,68362,604,66,261,61606,139,139,136,30,38,15652,7,0,3,170,10181,673,36,541,537984,546876,688,232,2,709,5,7,105,282,181,326,459,15,2653,65,104,2194,19,7328,10,262,10051,160,16,0,1,20,4938,7,76,49,1854,509,512,58,602,9255,447,382,1,38,6599,1437,2451,332,201174,3053,23255,1,5340,11592,539,581,1646,108,50,141,73,25,0,0,6969,2833,4952,7329,2081,1227,26,281,162,1,403,22416,2091,17189,515,3842,120,8,116,50,5,36,1458,6,2,3,1413,78,3832,597,198,4978,198,0,120,1,270,0,5071,866,39,133,15140,156,376,86,16,1,1736,1,722,993,3619,3509,27478,0,16,9,76,2390,12401,6287,11898,0,5648,313,351,1226,59,617,525,310,371,557,752,993,525,371,310,752,557,993,1601,90572,4842,941,4991,887,762,18,9441,276,255,133733,350,355,1232,101683,25355,27,26,566,1240,17793,1,37429,0,5,301,80,17,0,3182,172553,3257,3140,324,162,2979,2484,1861,831
Traumatic Injury,57,0,52,0,57,638,74,117,49,3,38,2224,3897,517,198,253,171,747,1943,4745,208,358,17,1481,91,67,517,71,10654,457,5830,11663,11,11537,159,752,223,15719,195,111,541,353,809,541,3878,316,18,56834,140,407,364,39467,3061,2139,1459,1234,730,1153,2211,57038,524,42,180,52465,68,68,88,14,21,12013,6,0,3,124,7572,403,13,363,432838,438272,515,145,0,463,1,4,54,142,89,258,336,15,1809,29,78,1429,7,4961,6,109,9578,99,7,0,0,12,3275,5,34,27,1246,286,284,41,365,6428,280,220,1,16,3981,903,1518,206,169638,2280,21556,1,4554,9380,271,373,1115,55,38,33,10,8,0,0,4925,1884,3417,4900,1198,603,7,143,78,1,220,15572,1415,12060,271,2305,91,5,76,37,0,10,849,1,1,0,830,49,2766,419,80,3298,70,0,34,0,219,0,2971,537,32,99,11243,90,191,51,7,1,1167,0,460,732,2144,2555,19900,0,7,2,35,1403,9107,4312,9006,0,3731,174,222,830,52,357,430,190,213,301,477,732,430,213,190,477,301,732,1223,68197,3869,761,3477,631,685,11,6839,211,139,108347,165,182,881,74720,18724,7,10,495,877,13584,0,25591,0,5,224,52,10,0,2104,146600,2295,2249,237,113,1928,1616,1141,469
Trauma severity,6,0,4,0,6,22,4,10,2,0,5,1792,530,103,53,24,49,658,722,689,30,58,10,453,4,4,103,19,1140,110,574,1990,2,1974,43,102,32,2588,48,14,39,44,97,52,526,56,2,5150,22,25,53,7321,618,440,222,337,205,262,259,5150,79,10,20,4622,15,15,13,4,1,622,3,0,0,15,1344,31,8,96,40813,41663,77,25,0,22,0,2,19,33,19,29,74,2,282,11,12,153,3,575,2,28,4336,10,2,0,0,2,642,263,10,4,89,56,56,2,66,1065,37,61,0,7,701,201,276,44,12058,935,23255,1,4615,624,48,39,111,17,2,13,6,1,0,0,379,319,532,824,101,71,5,34,15,1,45,2663,208,2016,32,191,2,1,3,2,2,5,73,1,0,0,67,11,1068,374,26,355,12,0,14,0,245,0,226,72,4,14,3244,7,14,19,0,0,270,1,77,195,304,186,3109,0,0,0,4,141,541,174,1467,0,843,107,90,208,2,83,63,22,20,72,85,195,63,20,22,85,72,195,984,12178,1144,282,948,76,77,3,491,14,37,17385,172,164,599,11557,1841,1,1,530,117,1058,0,2915,0,1,21,11,0,0,200,9888,347,313,16,8,96,83,248,152
Traumatic organ injury,1,0,0,1,1,2,0,0,0,0,0,41,37,8,6,0,5,33,12,70,4,4,0,14,0,0,8,1,90,10,34,97,1,97,4,5,3,176,4,1,1,2,5,1,30,1,0,244,3,2,3,173,10,44,14,20,9,14,33,243,1,1,1,201,1,1,0,0,1,34,0,0,0,0,45,0,0,8,1157,1195,0,1,0,1,0,1,5,8,5,4,5,1,22,1,0,14,3,39,0,1,95,1,0,0,0,1,30,0,0,1,2,6,5,1,2,52,4,4,0,4,75,23,46,5,385,22,295,0,114,19,0,3,3,0,1,1,0,0,0,0,22,12,25,67,10,7,3,2,1,0,1,132,24,103,7,28,0,0,1,0,0,0,5,0,0,0,5,2,507,101,2,56,0,0,2,0,7,0,28,5,1,2,53,0,1,5,1,0,11,0,20,13,27,20,95,1,1,0,0,9,30,13,75,0,30,3,3,16,0,9,2,3,2,2,0,13,2,2,3,0,2,13,11,185,21,3,47,1,2,0,39,0,3,350,39,40,13,208,38,0,0,4,4,46,0,158,0,0,0,0,0,0,12,331,19,21,1,1,7,5,11,3
Trauma-related injuries,0,0,0,1,0,1,0,0,0,0,0,20,9,0,0,1,0,2,10,19,0,0,0,5,1,0,0,0,19,1,5,31,0,31,2,1,0,47,0,0,2,2,2,0,6,1,0,107,2,0,1,120,8,4,1,8,6,13,8,107,0,0,0,97,0,0,0,0,0,11,0,0,0,0,17,0,0,3,664,681,1,0,0,0,0,0,0,0,0,0,2,1,13,0,0,1,0,10,0,0,42,0,0,0,0,1,4,0,0,0,1,0,0,0,0,26,0,0,0,0,10,1,5,0,203,18,221,0,74,5,0,1,3,0,0,0,0,0,0,0,8,5,7,15,1,0,0,0,0,0,0,41,4,31,0,5,0,0,1,0,0,0,1,0,0,0,1,0,32,7,0,12,0,0,0,0,6,0,6,2,0,0,62,0,0,0,0,0,6,0,2,3,18,2,49,0,0,0,0,4,16,5,24,0,23,2,2,9,0,3,0,1,1,0,0,3,0,1,1,0,0,3,20,208,17,1,14,0,2,0,6,0,3,270,1,0,7,161,27,0,0,17,1,13,0,73,0,0,1,0,0,0,1,169,2,3,1,1,0,0,7,3
Traumatic splenic injury,0,0,0,0,0,0,3,3,0,0,0,10,7,6,0,0,0,0,0,14,0,0,0,0,0,0,6,0,24,0,5,20,0,20,0,0,0,49,0,0,11,11,19,10,22,3,1,275,1,0,0,32,4,0,0,3,0,2,7,275,6,0,0,251,0,0,0,0,0,5,0,0,0,0,12,0,0,0,878,900,0,0,0,0,0,0,0,0,0,0,0,0,11,0,0,1,0,10,0,0,13,0,0,0,0,0,15,0,0,0,0,1,0,13,3,18,10,1,0,0,19,0,19,0,423,4,102,0,31,28,4,15,9,1,13,1,0,1,0,0,58,1,8,15,3,0,0,0,2,0,3,30,4,21,0,3,1,0,0,0,0,0,0,0,0,0,0,1,14,0,0,15,0,0,0,0,1,0,8,0,1,1,14,0,0,0,0,0,12,0,0,0,7,3,41,0,0,0,0,2,22,3,7,0,6,1,1,4,1,0,0,0,0,0,2,0,0,0,0,2,0,0,4,42,3,1,3,6,0,0,5,4,0,225,0,0,3,64,8,0,0,1,1,7,0,39,0,0,1,0,2,0,2,422,10,12,2,2,1,1,3,0
Traumatically injured spleen,0,0,0,0,0,0,0,0,0,0,0,0,0,0,0,0,0,0,0,0,0,0,0,0,0,0,0,0,0,0,0,0,0,0,0,0,0,0,0,0,1,1,1,1,1,1,1,2,0,0,0,0,0,0,0,0,0,0,1,2,0,0,0,1,0,0,0,0,0,0,0,0,0,0,0,0,0,0,3,3,0,0,0,0,0,0,0,0,0,0,0,0,0,0,0,0,0,0,0,0,0,0,0,0,0,0,0,0,0,0,0,0,0,0,0,0,1,0,0,0,0,0,0,0,1,0,1,0,0,0,0,1,1,0,0,0,0,0,0,0,1,0,0,0,0,0,0,0,0,0,0,0,0,0,0,0,0,0,0,0,0,0,0,0,0,0,0,0,0,0,0,0,0,0,0,0,0,0,0,0,0,0,0,0,0,0,0,0,0,0,0,0,0,0,1,0,0,0,0,0,0,0,0,0,0,0,0,0,0,0,0,0,0,0,0,0,0,0,0,0,0,0,0,0,0,0,0,0,0,0,0,1,0,1,0,0,0,0,0,0,0,0,0,0,0,0,0,0,0,0,0,0,0,1,0,0,0,0,0,0,0,0
Traumatic pelvic injury,0,0,0,0,0,0,0,0,0,0,0,29,3,0,0,0,0,2,8,12,0,0,1,5,0,0,0,0,22,1,5,6,0,6,0,1,0,51,1,0,0,0,0,0,2,0,0,299,0,0,0,69,10,10,5,2,1,3,2,299,6,0,0,265,0,0,0,0,0,7,0,0,0,0,14,0,0,1,1019,1039,0,0,0,0,0,0,0,0,0,0,0,0,4,0,0,1,0,4,0,0,33,0,0,0,0,0,14,0,0,0,0,0,0,0,1,16,0,0,0,0,2,1,1,0,613,11,173,0,66,1,0,1,1,0,0,0,0,0,0,0,1,4,8,13,0,0,0,0,0,0,1,17,0,6,2,1,0,0,0,0,0,0,0,0,0,0,0,1,13,0,0,0,0,0,0,0,0,0,1,0,0,0,30,0,0,0,0,0,2,0,0,2,6,2,35,0,0,0,0,1,30,2,12,0,16,1,0,3,0,0,0,0,0,0,0,2,0,0,0,0,0,2,9,129,9,2,9,1,0,0,3,0,0,367,0,0,1,87,24,0,0,4,1,6,0,92,0,0,0,0,0,0,3,580,1,0,0,0,0,0,13,8
Traumatic kidney injury,0,0,0,0,0,2,0,0,0,0,0,14,20,5,1,0,2,12,8,39,1,1,0,5,0,0,5,3,54,5,20,37,0,36,3,3,14,122,15,0,2,1,0,0,11,2,1,194,1,0,2,87,2,147,37,4,1,1,7,195,3,0,0,178,6,6,0,0,0,29,0,0,0,0,20,0,0,1,866,878,1,7,0,5,0,1,4,6,3,0,0,0,8,0,0,3,4,23,0,1,34,0,0,0,0,0,21,0,0,0,1,1,0,0,2,28,0,2,0,2,14,2,3,1,345,6,91,0,29,12,1,3,3,0,0,7,2,0,0,0,5,9,8,32,13,4,4,6,1,0,1,50,6,38,25,11,1,0,1,0,0,0,0,0,0,0,0,0,35,7,5,7,1,0,3,0,2,0,15,3,0,0,27,0,0,0,1,0,4,0,1,3,11,23,44,1,1,0,0,5,23,11,25,0,8,0,0,2,2,1,1,1,1,0,0,3,1,1,1,0,0,3,7,121,12,3,21,3,1,0,70,0,8,205,4,5,3,93,17,0,0,2,3,15,0,37,0,0,0,0,0,0,65,342,5,4,1,0,1,1,2,2
Traumatic renal injury,0,0,0,0,0,0,0,0,0,0,0,10,31,2,1,0,1,16,8,49,0,2,0,2,0,0,2,1,67,5,24,26,0,26,2,5,14,140,16,1,0,2,1,1,14,1,1,228,0,0,3,111,4,144,36,8,3,3,10,228,2,0,2,203,5,5,0,0,0,31,0,0,0,0,27,0,0,4,861,880,1,6,0,5,0,0,1,4,4,0,1,1,4,0,0,3,1,24,0,1,39,0,0,0,0,0,25,0,0,0,0,1,0,0,2,38,1,2,0,0,9,0,2,1,371,10,106,0,31,10,1,2,2,0,0,6,2,0,0,0,2,10,8,32,6,4,1,4,0,0,1,38,3,26,27,6,0,0,0,0,0,0,0,0,0,0,0,0,55,12,4,4,1,0,2,0,1,0,5,1,1,1,45,0,0,0,0,1,8,0,2,4,10,27,53,0,0,0,0,5,22,11,24,0,9,3,2,4,1,3,1,1,1,2,0,4,1,1,1,0,2,4,10,155,9,2,29,1,3,0,72,0,5,219,7,10,3,94,16,0,0,3,3,13,0,34,0,0,1,0,0,0,63,371,7,5,1,0,0,0,4,3
Traumatic intestinal injury,0,0,0,1,0,0,0,0,0,0,0,6,8,5,0,0,0,7,2,21,1,0,0,1,0,0,5,1,35,0,6,13,0,13,0,2,0,56,1,0,1,1,1,0,5,1,0,183,0,0,1,62,1,5,3,1,1,2,2,183,4,0,0,173,0,0,0,0,0,3,0,0,0,0,5,1,1,0,789,812,0,0,0,0,0,0,4,5,3,0,0,0,1,0,0,1,1,13,0,0,6,0,0,0,0,1,6,0,0,0,1,1,1,0,0,6,0,0,0,4,20,2,3,2,310,4,62,0,22,5,1,1,1,0,0,1,0,0,0,0,11,1,5,25,3,4,1,0,2,0,0,27,2,17,3,21,1,0,0,1,0,0,0,0,0,0,0,0,25,3,0,16,0,0,0,0,1,0,6,2,0,0,3,0,0,0,0,0,2,1,3,1,5,4,21,0,0,0,0,4,34,2,18,0,0,0,0,2,0,0,1,1,0,0,0,1,1,0,1,0,0,1,1,59,2,0,7,1,0,0,15,0,0,144,0,0,1,46,6,0,0,1,0,19,0,50,0,0,1,0,0,0,3,309,5,4,0,0,1,1,0,0
Traumatic liver injury,2,0,0,1,2,3,0,0,0,0,0,12,32,5,18,3,15,5,4,63,1,3,0,5,0,0,5,6,86,30,28,44,0,44,2,3,1,139,3,0,1,1,2,0,24,0,0,312,1,0,0,82,4,23,13,20,6,18,12,310,3,1,0,278,0,0,2,0,0,10,0,0,0,2,27,0,1,4,1081,1111,0,1,0,0,0,0,3,4,2,1,1,1,23,1,1,6,3,39,0,2,28,4,0,0,0,1,22,0,0,0,0,5,3,5,0,37,0,0,0,1,42,4,15,1,504,6,118,0,39,14,0,0,1,0,5,1,0,1,0,0,9,8,19,56,19,6,3,1,10,0,2,63,8,45,3,21,1,0,1,0,0,0,1,0,0,0,1,1,51,5,1,22,0,0,0,0,1,0,19,4,0,0,17,0,0,0,1,0,12,0,5,2,31,10,60,1,1,0,0,3,28,4,26,0,13,4,3,18,0,2,0,0,1,3,4,2,0,1,0,4,3,2,9,88,8,1,18,4,1,1,33,0,1,274,2,3,5,127,15,0,0,3,2,23,0,75,0,0,1,0,0,0,20,489,13,13,9,4,5,2,4,2
Traumatic hemorrhagic shock,0,0,0,1,0,0,0,0,0,0,0,12,36,3,2,0,2,5,11,202,5,9,0,8,0,1,3,1,201,8,18,41,0,41,1,1,0,426,3,0,1,3,7,5,24,2,0,52,5,0,1,66,6,16,7,2,0,40,23,52,0,0,0,47,1,1,0,0,0,21,0,0,0,0,35,0,0,3,683,706,0,0,0,0,0,0,1,2,1,4,1,1,45,3,1,3,0,32,0,1,29,3,0,0,0,1,82,0,0,0,1,1,1,0,0,85,3,0,0,1,61,8,28,2,93,6,136,0,41,10,0,1,1,1,0,1,0,0,0,0,13,16,19,166,13,2,0,0,2,0,2,73,1,45,0,24,0,0,0,0,0,0,0,0,0,0,0,3,118,22,0,37,0,0,0,0,1,0,16,5,0,1,24,0,0,2,0,0,15,0,12,9,60,18,109,0,0,0,0,1,14,4,71,0,28,2,1,24,0,12,6,3,2,2,3,9,6,2,3,3,2,9,9,66,20,4,28,4,2,1,52,0,1,120,4,4,5,160,17,0,0,5,2,45,0,63,0,0,1,0,0,0,8,86,10,9,23,20,3,1,3,1
Traumatic Coagulopathy,0,0,0,0,0,0,0,0,0,0,0,48,11,1,0,0,0,9,21,30,0,0,2,7,1,0,1,0,48,1,14,47,0,47,1,4,0,122,0,0,2,0,2,2,54,0,0,145,2,1,0,169,12,5,4,11,5,219,12,145,1,0,0,136,0,0,0,0,0,15,0,0,0,0,47,1,0,54,895,920,1,0,0,0,0,0,0,1,1,13,33,5,180,13,2,9,0,15,0,0,139,0,0,0,0,0,49,0,0,0,3,5,4,1,1,22,2,0,0,0,15,1,2,1,160,30,193,0,54,28,1,0,1,0,1,0,0,0,0,0,9,21,65,56,4,1,0,0,0,0,4,69,2,48,1,0,0,0,0,0,0,0,1,0,0,0,1,1,57,4,0,5,0,0,0,0,1,0,4,2,0,0,57,0,0,0,0,0,97,0,1,3,138,4,126,0,0,0,0,5,15,2,48,0,46,0,0,142,0,59,0,1,1,22,9,3,0,1,1,9,22,3,8,177,19,5,14,8,11,0,15,0,0,264,3,1,5,149,54,0,0,4,0,53,0,128,0,0,0,0,1,0,1,146,7,5,7,4,0,0,23,10
Traumatic blood loss,1,0,0,0,1,4,3,4,1,0,0,106,121,15,5,0,5,40,85,451,15,23,0,62,1,1,15,1,614,33,113,308,0,307,4,17,5,1270,4,9,5,6,17,13,137,6,1,3182,7,5,1,1068,92,51,21,38,23,155,52,3179,33,0,1,2904,2,2,1,0,2,180,2,0,0,1,233,4,3,37,9642,9776,8,3,0,4,0,0,3,5,4,7,26,1,175,6,2,27,1,184,0,0,1172,6,0,0,0,1,300,0,0,1,7,5,6,1,1,223,7,0,0,0,129,16,59,3,4495,120,768,0,181,87,7,7,33,2,1,1,0,0,0,0,67,53,95,291,25,8,1,7,4,0,8,415,36,326,6,51,0,1,1,0,0,0,9,0,0,0,9,7,152,23,4,79,0,0,0,0,4,0,73,20,1,7,323,0,1,3,0,1,107,0,18,20,209,62,488,0,0,0,0,34,204,40,350,0,161,6,11,113,0,30,20,1,5,15,17,20,20,5,1,17,15,20,28,1187,131,25,81,33,202,1,156,1,2,2591,5,5,20,1113,184,0,0,10,20,229,0,526,0,0,1,0,1,0,49,3796,50,53,27,23,38,34,85,45
Trauma Score,7,0,1,1,7,10,1,3,2,0,4,1711,468,45,20,23,19,859,1023,625,34,58,21,654,3,3,45,13,907,82,452,1443,1,1429,22,105,17,2384,31,15,23,30,75,47,392,29,1,5035,10,30,28,7522,628,399,103,323,211,221,161,5014,75,5,16,4437,10,10,5,1,0,780,1,0,0,4,1830,56,4,113,42450,43006,84,29,0,25,0,3,19,27,18,42,79,6,239,12,11,105,4,480,0,9,5696,3,1,0,0,0,630,1,11,6,127,38,34,1,50,987,19,52,0,9,549,173,213,21,14355,1140,23255,1,4359,225,25,28,54,9,1,5,5,0,0,0,193,293,436,650,41,42,5,15,7,1,21,1937,95,1457,20,188,0,0,4,2,0,1,38,0,0,0,37,11,919,472,14,227,6,0,8,0,234,0,156,62,5,14,3586,6,12,15,1,1,267,0,60,205,256,89,3573,0,1,0,4,56,448,295,1249,0,995,76,72,213,1,67,75,17,13,56,61,205,75,13,17,61,56,205,1601,10686,1458,367,927,71,96,0,399,10,30,18262,297,278,717,13322,1999,0,0,479,82,792,0,2668,0,0,16,7,0,0,125,12300,250,212,19,9,84,81,259,163
