,,α-fetoprotein,4-hydroxy-phenylpyruvate dioxygenase (hpd),5’ nucleotidase,alpha-glutathiones-transferase,alpha fetoprotein,(afp),arginase-1,arginase 1,(arg1),argininosuccinate synthetase,(ass),abbreviated injury scale,albumin,amylase,alt: alanine aminotransferase,alp: alkaline phosphatase,ast: aspartate aminotransferase,apache ii,area under the receiver operating characteristic curve,arterial pressure,arterial partial pressure of carbon dioxide,arterial partial pressure of oxygen,aurocs,auc,active t lymphocytes,(atl),amyloid a,arterial ph,bilirubin,biochemical,biochemical marker,biochemical panel,biomarkers,biomarker panel,biochemical parameters,blood urine nitrogen,blood pressure,bun,bnp,b lymphocytes,(cd3),(cd4),(cd8),complete blood counts,c3 complement,complement factor b,computed tomogram,c5a,chip,ck-mb,clinical factors,clinical variable,creatinine,creatine kinase,c-reactive protein,crp,coagulation tests,complement,computed tomography,computed tomographic scanning,creatine kinase muscle and brain,ctni,ct scan,cystatin c,cystatin-c,cxcl10,cxcr3,cadherin-5,calcium,caspase cleaved cytokeratin 18,(cck18),cdh5,ceruloplasmin,clinical parameters,collagen iv,cytokeratin 18,d-dimer,diagnosis,diagnostic,diagnostic modelling,estimated glomerular filtration rate,estrogen sulfotransferase,egfr,(est-1),fabps,fabp,fatty acid binding protein,fatty acid binding protein 1,fdp,fibrin degradation products,fibrin/fibrinogen degradation products,fibrinogen,fibtem,full blood cell count,f- protein,fabp1,glucose,glutathione s-transferases (gst),gamma glutamyl transferase,glasgow coma scale,glutamate dehydrogenase,gldh,gstα,gsta,glutathione s-transferase alpha,hemoglobin,hematocrite,hs-crp,hscrp,hyaluronic acid,high mobility group box-1,hmgb1,howell–jolly bodies,human leucocyte antigen,heart rate,helper t cells,(hla)-dr,hppd,i-fabp,il-6,il-8,il-10,il-18,imaging,independent predictors,injury severity score,intestinal-fabp,iss,immunoglobulins,iga,igm,igg,ip-10,jolly bodies,kidney injury molecule-1,(kim-1),k18,lect2,leucocyte cell-derived chemotaxin-2,lymphocytes,laboratory parameters,laboratory tests,lactate,lactate dehydrogenase,(ldh),l-fabp,lipocalin,liver enzyme tests,liver-fabp,lipase,marker,molecular biomarker,molecular markers,myoglobin,myeloperoxidase,malate dehydrogenase,(mcsfr),macrophage colony stimulating factor receptor,(mdh),microrna-122,mir-122,mirnas,mir-216a,mir-216b,mir-217,micrornas,mean arterial bp,(mods),multiple organ dysfunction score,neutrophil gelatinase-associated lipocalin,neutrophils,n-acetyl-β-d-glucosaminidase,nuclear fragments in circulating erythrocytes,ngal,n-gal,niss,(no),nitric oxide,novel markers,n-terminal pro-b-type natriuretic peptide,(nt-probnp),odd ratio,opn,osteopontin,polymorphonuclear elastase,pon1,paraoxonase 1 normalized to prothrombin protein,platelet count,polymorpho-nuclear neutrophil elastase,(pmn),(pao2),platelets,potassium,parameters,paraxonase 1,purine nucleoside phosphorylase,pnp,pathogenic,pathologic,phosphate,physiologic,platelets and ph-value,point of care,procalcitonin,(pct),prothrombin time,properdin,protein c,(paco2),(paf),platelet-activating factor,plasminogen activator inhibitor,(pai),pao2,revised trauma score,risk factors,(roc),receiver operating characteristic curves,respiration rate,red cell count,sdh,sorbitol dehydrogenase,sodium,suppressor t-cells,(scr),screening methods,sequential organ failure assessment,sofa,trauma scoring systems,test,testing,(tff3),trefoil factor 3,triss,troponin,temperature,trypsinogen-2,trypsin-2-a1antitrypsin complex,trypsin-2-aat,total and segmented leukocytes,total t lymphocytes,(ttl),tuftsin,the post-traumatic plasma levels of soluble tumor necrosis factor receptors p55 and p75,urea,ultrasound,white blood cell count,(wbc),valproic acid,(vpa),vascular endothelial growth factor,(vegf),venous thromboembolism,(vte)
0,abdominal injury,0,0,0,0,0,0,0,0,0,0,0,9,0,6,0,0,0,0,0,1,0,0,0,2,0,0,0,0,2,4,0,0,3,0,1,0,16,0,0,0,0,0,1,0,0,0,0,0,0,1,1,0,2,0,1,1,0,0,65,0,0,0,36,0,0,0,0,0,0,0,0,0,0,1,0,0,1,107,85,0,0,0,0,0,1,2,2,0,1,0,0,1,0,0,0,0,0,0,0,12,0,0,0,0,0,11,0,0,0,0,0,0,0,0,5,0,0,0,2,3,1,0,0,75,1,39,1,17,0,0,0,0,0,0,0,0,0,0,0,1,0,4,5,3,2,1,0,0,1,4,5,0,0,1,0,0,0,0,0,0,0,0,0,0,0,0,0,1,0,0,0,0,0,0,0,3,0,0,1,0,0,0,0,0,0,0,0,0,0,0,0,0,0,13,0,0,0,0,0,0,3,0,2,0,0,2,0,0,0,1,0,0,2,0,2,23,6,0,0,0,0,0,1,0,0,0,0,0,0,21,3,0,0,6,0,3,0,0,0,0,0,0,0,0,2,21,1,2,0,0,0,1,0,0
1,abdominal injuries,0,0,1,0,0,1,0,0,0,0,0,36,4,6,0,0,0,4,1,8,0,0,0,5,0,0,0,2,6,5,0,0,10,0,2,0,52,0,0,0,0,0,1,0,0,0,0,0,0,0,5,0,10,0,4,3,0,1,217,1,0,0,83,0,0,0,0,0,1,0,0,0,0,1,0,0,1,577,497,0,1,0,1,0,1,4,3,0,1,0,0,4,0,0,0,0,6,0,0,30,0,0,0,0,0,24,0,0,0,1,0,1,0,0,17,0,0,0,4,7,0,0,0,449,6,182,1,69,1,1,2,1,0,0,0,0,0,0,0,2,1,8,13,3,2,1,0,0,1,7,6,0,0,2,1,0,0,0,0,0,0,0,0,0,0,0,0,4,0,0,3,0,0,0,0,2,0,0,1,0,0,1,0,0,0,0,0,1,0,1,0,3,1,34,0,0,0,1,10,1,17,0,16,2,1,4,1,0,0,1,0,0,2,3,14,80,15,0,0,0,0,0,7,0,1,0,2,1,1,70,11,0,0,13,0,12,0,0,0,0,0,0,0,0,2,71,3,2,0,0,0,0,4,1
2,abdominal trauma,0,0,0,0,0,0,0,0,0,0,0,11,2,17,0,0,0,1,0,6,0,0,0,3,0,0,0,0,5,8,0,0,6,0,2,0,29,0,0,1,0,0,1,0,0,0,1,0,0,0,3,0,5,0,4,2,1,1,266,1,0,1,130,0,0,0,0,0,5,0,0,0,0,2,0,0,0,514,369,0,0,0,0,0,1,3,2,0,0,0,0,2,0,0,0,0,2,0,1,21,0,0,0,0,0,23,0,0,0,1,0,1,1,0,10,0,0,0,3,3,0,0,0,359,1,96,1,43,2,2,2,3,0,1,0,0,0,0,0,2,2,8,11,3,2,1,0,0,1,9,6,0,0,1,0,0,0,0,0,0,0,0,0,0,0,0,0,4,0,0,3,0,0,0,0,2,0,1,1,0,0,1,0,0,0,0,0,2,0,1,3,4,1,25,0,0,0,5,12,0,7,0,8,3,2,3,1,0,0,0,0,0,3,0,11,53,9,0,0,0,0,0,3,0,0,0,1,0,0,41,7,0,0,9,2,8,0,0,0,0,0,0,0,0,2,108,3,1,0,0,1,0,1,1
3,blunt trauma,0,0,0,0,0,0,0,0,0,0,0,38,5,17,0,0,0,4,6,3,0,0,1,7,0,0,0,0,3,8,0,0,21,0,0,0,72,0,0,0,0,2,1,0,0,0,2,0,0,1,3,0,7,5,1,0,7,1,325,2,0,0,103,0,0,3,1,0,6,0,0,0,0,6,0,0,2,713,493,0,0,0,0,0,0,1,1,0,1,0,0,8,1,0,0,0,4,0,1,64,0,0,0,0,0,17,0,0,0,0,0,2,0,0,15,0,0,0,1,13,5,6,0,524,18,278,0,134,0,0,1,0,3,0,0,0,0,0,0,5,3,7,15,1,2,0,0,0,0,5,16,0,0,0,2,0,0,0,0,0,0,1,0,0,0,1,0,7,2,0,11,0,0,0,0,8,0,3,0,0,0,0,0,0,0,0,0,6,0,2,3,10,1,54,0,0,0,6,15,3,22,0,14,0,1,6,0,1,0,0,0,0,3,4,29,106,31,5,0,0,1,0,3,0,1,0,3,3,2,84,18,0,0,32,3,16,0,0,0,0,0,1,0,0,0,84,4,5,0,0,2,2,6,4
4,blunt bowel injury,0,0,0,0,0,0,0,0,0,0,0,0,0,12,0,0,0,0,0,0,0,0,0,0,0,0,0,0,0,0,0,0,0,0,0,0,0,0,0,0,0,0,0,0,0,0,0,0,0,0,0,0,0,0,0,0,0,0,2,0,0,0,0,0,0,0,0,0,0,0,0,0,0,0,0,0,0,1,0,0,0,0,0,0,0,0,0,0,0,0,0,0,0,0,0,0,0,0,0,0,0,0,0,0,0,0,0,0,0,0,0,0,0,0,0,0,0,0,0,0,0,0,0,1,0,0,0,0,0,0,0,0,0,0,0,0,0,0,0,0,0,0,0,0,0,0,0,0,0,0,0,0,0,0,0,0,0,0,0,0,0,0,0,0,0,0,0,0,0,0,0,0,0,0,0,0,0,0,0,0,0,0,0,0,0,0,0,0,0,0,0,0,0,0,0,0,0,0,0,0,0,0,0,0,0,0,0,0,0,1,0,0,0,0,0,0,0,0,0,0,0,0,0,0,0,0,0,0,0,0,0,0,0,0,0,0,0,0,0,0,0,0,0,0,0,0,0,0,0,0,0,0,0,0
5,blunt splenic injuries,0,0,0,0,0,0,0,0,0,0,0,0,0,12,0,0,0,0,0,0,0,0,0,0,0,0,0,0,0,0,0,0,0,0,0,0,6,0,0,0,0,0,0,0,0,0,0,0,0,0,0,0,2,0,0,0,0,0,10,0,0,0,4,0,0,0,0,0,0,0,0,0,0,1,0,0,0,7,13,0,1,0,1,0,0,0,0,0,0,0,0,0,0,0,0,0,0,0,0,1,0,0,0,0,0,2,0,0,0,0,0,0,0,0,1,0,0,0,0,0,0,0,0,17,1,11,0,6,0,0,0,0,0,0,0,0,0,0,0,0,1,0,0,0,0,0,0,0,0,0,0,0,0,0,0,0,0,0,0,0,0,0,0,0,0,0,0,0,0,0,0,0,0,0,0,0,0,0,0,0,0,0,0,0,0,0,0,1,0,0,0,0,0,3,0,0,0,0,0,0,1,0,0,0,0,0,0,0,0,1,0,0,0,0,0,2,0,0,0,0,0,0,0,0,1,0,0,0,0,4,0,0,0,0,0,0,0,0,0,0,0,0,0,0,0,3,0,0,0,0,0,0,0,0
6,blunt abdominal trauma,0,0,0,0,0,0,0,0,0,0,0,4,0,12,0,0,0,0,0,3,0,0,0,2,0,0,0,0,5,2,0,0,1,0,0,0,20,0,0,0,0,0,0,0,0,0,1,0,0,0,2,0,4,0,3,1,1,0,192,0,0,0,87,0,0,0,0,0,1,0,0,0,0,1,0,0,0,301,236,0,0,0,0,0,0,0,0,0,0,0,0,1,0,0,0,0,1,0,1,11,0,0,0,0,0,12,0,0,0,0,0,1,0,0,6,0,0,0,0,1,0,0,0,234,0,39,0,15,1,1,1,1,0,0,0,0,0,0,0,0,2,6,4,3,1,0,0,0,0,4,2,0,0,0,0,0,0,0,0,0,0,0,0,0,0,0,0,2,0,0,0,0,0,0,0,1,0,0,0,0,0,0,0,0,0,0,0,1,0,0,4,1,1,7,0,0,0,4,7,0,0,0,5,1,0,1,0,0,0,0,1,1,1,0,2,21,5,0,0,0,0,0,2,0,0,0,1,0,0,21,3,0,0,3,0,4,0,0,0,0,0,0,0,0,1,69,2,0,0,0,0,0,0,0
7,blood loss,20,0,0,0,20,14,0,0,0,0,3,1,167,12,1,0,0,7,12,197,0,1,1,45,0,0,4,8,92,156,1,0,140,0,6,0,425,8,2,4,7,12,9,3,0,0,1,2,4,3,35,2,270,21,113,89,135,25,379,2,0,1,113,2,2,0,0,0,70,0,0,0,0,61,2,0,58,1526,1078,0,87,0,62,0,0,2,1,0,7,9,0,227,19,0,0,0,68,0,1,19,0,0,0,0,0,949,0,3,2,8,5,4,0,0,222,0,1,0,2,79,14,23,1,1365,106,48,0,15,7,5,2,10,2,0,0,0,0,0,0,27,20,34,104,9,18,0,6,0,0,2,59,0,2,3,11,0,0,0,3,0,0,0,0,0,0,2,0,2,3,4,26,0,0,3,0,1,0,21,0,0,0,3,31,1,1,0,0,175,0,1,4,263,47,1064,0,0,0,10,267,37,85,0,72,8,10,129,0,11,0,0,1,1,1,15,3,1419,77,9,0,2,2,0,120,0,7,2,5,3,1,741,187,0,0,0,20,169,0,0,0,0,0,1,0,0,35,270,24,29,7,8,16,11,84,39
8,chest trauma,0,0,0,0,0,0,1,1,0,0,0,8,6,0,0,0,0,4,1,6,0,0,0,0,0,0,0,1,0,5,0,0,14,0,0,0,17,0,1,0,0,0,0,0,0,0,1,4,2,4,3,0,0,6,1,1,0,8,118,0,0,2,36,0,0,0,0,0,1,0,0,0,0,2,0,0,1,316,221,0,0,0,0,0,0,2,2,0,0,0,0,0,0,0,0,0,1,0,0,12,0,0,0,0,0,3,0,0,0,0,2,3,0,0,5,0,0,0,0,15,1,1,1,201,2,38,0,24,0,0,0,0,0,0,0,0,0,0,0,1,0,0,4,0,0,0,0,0,0,0,4,0,0,1,4,0,0,0,0,0,0,0,0,0,0,0,0,5,0,0,8,0,0,0,0,0,0,5,0,2,2,0,0,0,0,0,0,0,0,2,0,0,0,24,0,0,1,2,6,0,3,0,4,0,0,1,0,0,0,0,0,0,0,8,2,39,5,0,1,0,0,0,1,0,0,0,2,3,0,28,8,0,0,1,18,6,0,0,0,0,0,0,0,0,0,28,1,1,0,0,3,3,0,0
9,chest injury,0,0,0,0,0,0,0,0,0,0,0,8,0,0,0,0,0,1,0,0,0,0,0,0,0,0,0,0,0,0,0,0,2,0,0,0,6,0,0,0,0,0,0,0,0,0,0,0,2,0,1,0,1,0,0,0,0,0,21,0,0,0,7,0,0,0,0,0,0,0,0,0,0,0,0,0,0,66,38,0,0,0,0,0,0,0,0,0,0,0,0,1,0,0,0,0,0,0,0,7,0,0,0,0,0,1,0,0,0,0,0,0,0,0,2,0,0,0,0,4,1,2,0,30,4,29,0,21,0,0,0,0,0,0,0,0,0,0,0,0,0,0,0,0,1,0,0,0,0,0,2,0,0,0,0,0,0,0,0,0,0,0,0,0,0,0,0,0,0,0,1,0,0,0,0,0,0,0,0,0,0,1,0,0,0,0,0,0,0,0,0,0,0,4,0,0,0,0,0,0,2,0,0,0,0,0,0,0,0,0,0,0,0,3,1,16,3,0,0,0,0,0,0,0,0,0,1,1,2,10,1,0,0,1,2,1,0,0,0,0,0,0,0,0,1,2,0,0,0,0,0,0,0,0
10,coagulopathy of trauma,0,0,0,0,0,0,0,0,0,0,0,0,0,0,0,0,0,0,0,0,0,0,0,0,0,0,0,0,0,0,0,0,0,0,0,0,0,0,0,0,0,0,0,0,0,0,0,0,0,0,0,0,0,0,0,0,0,0,0,0,0,0,0,0,0,0,0,0,0,0,0,0,0,0,0,0,0,0,0,0,0,0,0,0,0,0,0,0,0,0,0,0,0,0,0,0,0,0,0,0,0,0,0,0,0,0,0,0,0,0,0,0,0,0,0,0,0,0,0,0,0,0,0,0,0,0,0,0,0,0,0,0,0,0,0,0,0,0,0,0,0,0,0,0,0,0,0,0,0,0,0,0,0,0,0,0,0,0,0,0,0,0,0,0,0,0,0,0,0,0,0,0,0,0,0,0,0,0,0,0,0,0,0,0,0,0,0,0,0,0,0,0,0,0,0,0,0,0,0,0,0,0,0,0,0,0,0,0,0,0,0,0,0,0,0,0,0,0,0,0,0,0,0,0,0,0,0,0,0,0,0,0,0,0,0,0,0,0,0,0,0,0,0,0,0,0,0,0,0,0,0,0,0,0
11,disseminated intravascular coagulation,2,0,0,0,2,1,0,0,0,0,0,0,32,0,1,1,2,21,4,11,1,0,0,15,0,1,2,1,28,31,0,0,107,2,1,1,56,5,0,2,5,9,5,0,0,1,0,3,0,1,2,0,52,14,40,14,125,70,88,1,0,1,24,0,0,0,0,0,17,0,0,0,0,5,0,0,136,883,262,0,2,0,9,0,0,0,0,0,53,61,11,365,3,0,0,0,22,0,1,6,0,0,0,0,0,38,0,0,1,0,14,11,4,0,6,1,3,0,0,42,13,18,6,183,11,3,0,2,20,7,19,28,0,4,0,0,0,0,0,27,13,42,51,35,15,0,0,0,0,2,56,0,8,4,6,0,0,0,0,0,0,1,0,0,0,3,0,14,0,0,48,0,0,0,0,0,0,9,0,0,1,1,0,0,1,0,0,216,0,2,0,247,4,151,0,0,0,29,41,7,25,0,9,10,4,176,1,117,0,0,0,0,0,6,0,163,27,1,0,0,2,0,44,0,0,0,39,34,0,138,44,0,0,0,2,46,1,0,0,0,0,0,0,0,18,38,12,10,0,0,18,10,27,9
12,hemorrhage,42,0,3,0,42,22,4,4,4,0,4,20,376,7,2,0,1,39,74,517,2,2,4,262,0,7,12,23,199,388,2,0,954,0,33,4,1903,36,24,35,42,70,64,3,0,1,9,22,21,20,140,2,497,75,203,121,416,257,3147,5,0,16,731,33,33,7,0,15,476,1,0,2,8,113,39,2,146,13573,8143,0,86,1,94,0,1,4,8,0,17,26,1,730,22,0,1,0,510,0,6,551,0,0,0,0,4,1270,1,14,2,26,46,61,5,1,552,0,10,0,0,411,72,152,19,10007,380,192,0,84,116,66,92,213,10,5,0,0,3,0,0,311,59,176,371,114,74,1,19,0,0,41,562,0,14,10,259,1,0,1,0,0,0,40,0,0,0,65,3,20,1,7,407,2,0,4,0,1,1,389,1,7,14,25,16,23,0,0,0,658,0,38,0,1080,190,1617,0,1,4,275,926,137,500,0,176,8,28,469,1,129,0,0,0,0,0,50,13,6415,456,48,4,2,78,3,609,2,18,4,28,30,1,2664,942,1,2,7,131,490,0,0,0,0,0,0,2,0,173,1458,78,76,30,20,479,321,731,386
13,hemorrhagic trauma,0,0,0,0,0,0,0,0,0,0,0,0,0,7,0,0,0,0,0,0,0,0,0,0,0,0,0,0,0,0,0,0,1,0,0,0,2,0,0,0,0,0,0,0,0,0,0,0,0,0,0,0,0,0,0,0,0,0,0,0,0,0,0,0,0,0,0,0,0,0,0,0,0,0,0,0,0,0,0,0,0,0,0,0,0,0,0,0,0,0,0,1,0,0,0,0,0,0,0,0,0,0,0,0,0,2,0,0,0,0,0,0,0,0,0,0,0,0,0,1,0,1,0,0,0,1,0,0,0,0,0,0,0,0,0,0,0,0,0,0,0,0,0,0,0,0,0,0,0,0,0,0,0,0,0,0,0,0,0,0,0,0,0,0,0,0,0,0,0,0,0,0,0,0,0,0,0,1,0,0,0,0,0,0,0,0,0,0,0,0,0,2,0,0,0,0,0,0,0,0,0,0,0,0,0,0,0,1,0,0,0,0,0,0,0,1,0,0,0,0,0,0,0,0,0,0,0,0,0,0,0,0,0,0,0,0,0,0,0,0,0,0,0,0,0,0,0,0,0,0,0,0,0,0
14,hemorrhagic,11,0,2,0,11,10,0,0,0,0,3,7,174,10,0,0,1,6,19,343,0,1,0,65,0,6,7,9,50,276,2,0,430,4,24,0,724,21,6,58,27,112,157,10,0,1,3,11,14,5,28,1,227,37,78,61,123,183,710,0,0,3,161,7,7,17,8,11,176,1,0,2,3,29,16,2,55,4284,1919,0,24,0,18,0,0,1,2,0,11,7,2,261,6,0,3,0,213,0,4,83,0,0,0,0,1,325,0,9,2,11,39,55,0,1,198,2,20,0,1,306,76,143,19,2128,98,93,0,41,70,49,252,396,23,0,1,1,0,0,0,386,41,83,329,85,39,0,7,0,0,29,279,0,9,5,120,1,0,0,2,0,2,27,1,0,0,38,0,24,1,4,218,1,0,5,0,0,0,222,0,4,7,3,3,4,0,0,0,283,0,30,15,391,80,658,0,1,2,592,271,82,168,0,77,11,15,163,1,50,7,1,0,17,13,16,7,1554,98,11,0,1,11,1,278,0,9,4,5,10,0,1092,592,0,0,3,37,339,0,0,0,0,0,1,0,0,98,276,35,39,22,18,158,129,92,48
15,hemorrhagic shock,0,0,0,0,0,0,0,0,0,0,1,7,63,10,0,0,0,1,2,291,0,0,0,7,0,0,0,7,7,56,0,0,71,0,6,0,431,5,0,0,5,16,7,0,0,1,1,4,1,0,1,0,49,10,4,0,16,22,94,0,0,0,26,2,2,2,1,2,35,0,0,0,0,6,0,0,3,298,132,0,0,0,0,0,0,1,2,0,2,0,0,39,5,0,0,0,59,0,1,13,0,0,0,0,1,107,0,0,0,4,31,41,0,0,143,1,1,0,1,157,12,60,4,138,5,87,0,35,0,1,3,6,3,0,1,1,0,0,0,30,4,9,235,14,6,0,1,0,0,6,53,0,1,3,82,0,0,0,0,0,1,4,0,0,0,8,0,20,0,1,94,1,0,1,0,0,0,99,0,0,0,0,0,1,0,0,0,16,0,26,15,54,34,171,0,0,0,5,18,20,62,0,9,3,1,25,0,6,7,1,0,17,13,10,7,58,13,1,0,0,1,0,111,0,1,0,3,4,0,103,18,0,0,3,9,51,0,0,0,0,0,0,0,0,27,40,1,5,15,13,8,7,3,1
16,hepatic injury,7,0,0,0,7,5,0,0,0,0,1,2,66,0,7,1,8,1,3,8,0,0,0,8,0,0,1,0,122,157,0,0,146,0,25,0,30,7,1,5,3,37,18,0,0,0,0,1,0,0,1,0,31,4,9,10,2,15,18,0,0,0,8,2,2,1,2,0,24,0,0,0,2,4,0,3,1,125,58,0,1,0,3,0,0,3,5,0,1,0,0,8,0,0,0,2,88,0,17,3,4,0,0,0,4,12,0,0,0,9,11,11,0,0,9,0,0,0,0,117,8,42,6,63,1,11,0,6,6,4,4,11,4,0,3,3,1,3,0,66,5,7,76,56,39,2,6,0,0,5,68,0,0,2,33,0,0,0,0,2,5,6,0,0,0,23,0,1,0,3,59,1,0,3,0,1,0,100,1,0,1,0,5,9,0,0,0,5,0,5,8,11,6,135,0,0,0,33,24,32,10,0,0,0,0,15,0,6,4,0,0,0,0,0,0,64,7,0,0,0,1,4,37,0,1,0,2,2,0,82,18,0,0,2,4,26,0,0,0,0,0,0,0,0,27,11,4,3,3,2,15,12,1,0
17,hollow viscus injury,0,0,0,0,0,0,0,0,0,0,0,1,0,0,0,0,0,0,0,0,0,0,0,0,0,0,0,0,0,0,0,0,1,0,0,0,2,0,0,0,0,0,0,0,0,0,0,0,0,0,0,0,0,0,0,0,0,0,8,0,0,0,6,0,0,0,0,0,0,0,0,0,0,0,0,0,0,12,7,0,0,0,0,0,0,1,1,0,0,0,0,0,0,0,0,0,0,0,0,1,0,0,0,0,0,1,0,0,0,0,0,0,0,0,0,0,0,0,1,0,0,0,0,7,0,3,0,1,0,0,0,0,0,0,0,0,0,0,0,0,0,0,0,0,0,0,0,0,0,0,0,0,0,0,0,0,0,0,0,0,0,0,0,0,0,0,0,0,0,0,0,0,0,0,0,0,0,0,0,0,0,0,0,0,0,0,0,0,0,0,8,0,0,2,0,0,0,0,0,0,0,0,1,0,0,0,0,0,4,0,0,0,0,0,1,1,0,0,0,0,0,0,0,0,0,0,0,0,0,0,0,0,0,0,0,0,0,0,0,0,0,0,0,0,0,2,0,0,0,0,0,0,0,0
18,injury severity,0,0,0,0,0,0,1,1,0,0,0,235,20,0,0,0,0,35,29,23,0,1,4,58,0,0,2,3,4,24,0,0,178,0,3,0,239,4,3,4,3,7,3,0,0,0,0,2,1,1,18,2,43,9,19,14,24,24,218,1,0,1,80,4,4,3,0,0,21,0,0,0,0,23,0,0,22,1112,615,0,2,0,1,0,1,4,4,0,5,4,0,55,6,0,0,0,39,0,0,353,0,0,0,0,0,61,0,0,0,4,5,10,0,1,93,0,10,0,3,62,22,29,4,634,83,3423,1,1042,0,1,1,3,3,0,1,1,0,0,0,23,12,10,85,5,4,1,7,0,1,0,85,0,0,3,4,0,0,0,0,0,0,2,0,0,0,5,0,35,4,7,30,2,0,5,0,89,0,7,2,1,2,4,0,1,0,0,0,32,0,4,3,40,11,250,0,0,0,5,19,3,110,0,24,8,6,28,0,19,0,0,0,0,0,16,153,723,155,12,1,0,1,0,19,0,0,0,27,25,25,338,72,0,0,122,7,46,0,0,0,0,1,1,0,0,13,52,11,8,1,1,7,6,39,23
19,intra-abdominal injury,0,0,0,0,0,0,0,0,0,0,0,0,0,0,0,0,0,0,0,0,0,0,0,0,0,0,0,0,2,1,0,0,0,0,1,0,4,0,0,0,0,0,1,0,0,0,0,0,0,0,1,0,1,0,0,0,0,0,20,0,0,0,17,0,0,0,0,0,0,0,0,0,0,0,0,0,0,29,31,0,0,0,0,0,0,0,0,0,0,0,0,0,0,0,0,0,0,0,0,4,0,0,0,0,0,5,0,0,0,0,0,0,0,0,2,0,0,0,0,0,0,0,0,24,0,7,0,2,0,0,0,0,0,0,0,0,0,0,0,1,0,2,0,0,0,0,0,0,0,3,0,0,0,1,0,0,0,0,0,0,0,0,0,0,0,0,0,0,0,0,0,0,0,0,0,1,0,0,0,0,0,0,0,0,0,0,0,0,0,0,3,0,0,4,0,0,0,0,0,0,0,0,1,0,0,0,0,0,0,0,0,0,0,0,1,5,1,0,0,0,0,0,0,0,0,0,0,0,0,8,1,0,0,2,0,1,0,0,0,0,0,0,0,0,1,9,1,2,0,0,0,0,0,0
20,intraabdominal injuries,0,0,0,0,0,0,0,0,0,0,0,1,0,0,0,0,0,0,0,0,0,0,0,0,0,0,0,0,0,1,0,0,0,0,1,0,1,0,0,0,0,0,0,0,0,0,0,0,0,0,0,0,1,0,0,0,0,0,8,0,0,0,3,0,0,0,0,0,0,0,0,0,0,0,0,0,0,10,9,0,0,0,0,0,0,0,0,0,0,0,0,1,0,0,0,0,0,0,0,1,0,0,0,0,0,1,0,0,0,0,0,0,0,0,1,0,0,0,0,0,0,0,0,8,0,7,0,1,0,0,0,0,0,0,0,0,0,0,0,0,0,0,0,0,1,0,0,0,0,1,1,0,0,1,0,0,0,0,0,0,0,0,0,0,0,0,0,0,0,0,0,0,0,0,0,0,0,0,0,0,0,0,0,0,0,0,0,0,0,0,0,0,0,2,0,0,0,0,0,0,0,0,0,0,0,0,0,0,0,0,0,0,0,0,0,3,1,0,0,0,0,0,0,0,0,0,0,0,0,1,1,0,0,0,0,0,0,0,0,0,0,0,0,0,0,0,0,0,0,0,0,0,0,0
21,intestinal failure,0,0,0,0,0,0,0,0,0,0,0,0,6,0,0,0,0,0,2,1,0,0,0,1,0,0,0,0,22,17,0,0,19,0,1,0,2,0,0,0,0,1,1,0,0,0,0,0,2,0,1,0,3,0,0,0,0,3,3,0,0,0,0,0,0,0,0,0,4,0,0,0,0,0,0,0,0,80,15,0,1,0,1,0,0,1,2,0,0,0,0,0,0,0,0,0,6,0,1,0,0,0,0,0,0,1,0,0,0,0,0,0,0,1,0,0,1,0,1,3,2,1,0,10,3,0,0,0,2,2,0,1,0,0,0,0,0,0,0,1,0,1,1,0,0,0,0,0,0,1,9,0,0,0,0,0,0,0,0,0,0,1,0,0,0,1,0,1,0,0,1,0,0,0,0,0,0,0,0,0,0,0,0,0,0,0,0,2,0,0,0,1,0,11,0,0,0,1,2,1,3,0,2,0,0,1,0,0,0,0,0,0,0,1,0,35,3,0,0,0,0,0,8,0,1,0,1,2,0,22,13,0,0,0,0,1,0,0,0,0,0,0,1,0,0,1,0,0,0,0,1,2,1,0
22,intestinal injury,0,0,3,0,0,0,1,1,1,0,0,1,12,9,0,0,0,0,0,6,0,0,0,3,0,0,1,0,9,20,1,0,46,0,4,0,15,0,0,3,5,10,7,0,0,0,0,3,3,0,0,0,11,1,4,3,0,19,2,0,0,0,2,0,0,2,1,0,15,0,0,0,0,3,0,0,1,31,14,0,0,0,11,0,0,9,23,0,0,0,0,0,0,0,0,0,15,0,0,1,0,0,0,0,0,11,0,0,0,1,3,3,0,0,5,0,0,0,9,77,14,28,12,18,0,3,0,2,2,15,7,6,0,0,0,0,0,0,0,36,1,3,21,6,2,0,1,0,0,6,32,0,1,0,57,0,0,0,0,0,0,8,0,0,0,9,0,3,0,0,31,2,0,0,0,0,0,45,0,0,0,0,0,0,0,0,0,1,0,3,6,2,4,43,0,0,1,25,14,15,6,0,0,1,0,0,0,1,1,6,8,44,31,0,0,20,1,0,0,0,0,0,80,0,0,0,0,0,0,44,8,6,7,0,0,16,0,0,0,0,0,0,0,0,3,1,2,1,1,1,9,9,0,0
23,intestinal trauma,0,0,0,0,0,0,0,0,0,0,0,0,0,9,0,0,0,0,0,0,0,0,0,0,0,0,0,0,0,0,0,0,0,0,0,0,0,0,0,0,0,0,0,0,0,0,0,0,0,0,0,0,0,0,0,0,0,0,0,0,0,0,0,0,0,0,0,0,0,0,0,0,0,0,0,0,0,1,0,0,0,0,0,0,0,0,0,0,0,0,0,0,0,0,0,0,0,0,0,0,0,0,0,0,0,0,0,0,0,0,0,0,0,0,0,0,0,0,0,0,0,0,0,0,0,0,0,0,0,0,0,0,0,0,0,0,0,0,0,0,0,0,0,0,0,0,0,0,0,0,0,0,0,0,0,0,0,0,0,0,0,0,0,0,0,0,0,0,0,0,0,0,0,0,0,0,0,1,0,0,0,0,0,0,0,0,0,0,0,0,6,0,0,0,0,0,0,0,0,0,0,0,0,0,0,0,0,0,1,6,8,44,31,0,0,0,0,0,0,0,0,0,0,0,0,0,0,0,0,0,0,0,0,0,0,0,0,0,0,0,0,0,0,0,0,0,0,0,0,0,0,0,0,0
24,kidney failure,3,0,3,0,3,2,0,0,0,0,2,0,1368,75,0,1,1,15,22,146,0,0,2,120,0,1,27,7,47,544,6,0,1441,2,130,1,1669,115,56,38,21,113,42,3,2,4,2,12,6,8,80,0,2698,25,524,262,19,235,204,1,0,12,39,127,127,3,1,3,1367,0,0,0,9,93,14,0,14,4546,1497,0,807,0,849,0,0,8,11,0,0,1,0,92,2,0,0,3,665,0,6,6,0,0,0,0,3,844,0,36,51,7,2,6,1,6,193,3,26,0,0,217,27,49,19,1332,235,0,0,2,65,233,49,119,3,1,24,20,0,1,0,234,75,66,66,21,10,6,52,0,0,37,624,1,4,20,39,2,0,0,3,1,1,22,0,0,0,61,3,0,0,45,89,15,0,37,0,0,1,220,10,14,50,5,8,23,0,2,0,51,0,15,50,78,423,1235,0,0,3,155,205,725,215,0,23,7,20,13,2,20,35,17,27,71,55,2,0,4294,170,15,1,0,5,0,707,1,73,3,4,4,0,1149,442,2,2,0,106,84,0,0,0,0,0,0,0,0,894,241,26,30,6,2,67,50,13,7
25,kidney injury,3,0,10,0,3,1,7,7,0,0,2,5,673,75,2,1,3,171,136,221,1,1,4,370,0,2,7,15,139,407,3,0,2583,14,68,4,760,451,42,18,31,139,47,3,0,8,0,15,29,11,43,2,4932,137,174,93,19,266,227,1,0,10,61,501,501,17,7,7,386,0,0,0,7,60,38,5,20,4283,1421,1,648,0,642,0,1,109,156,4,2,1,1,61,1,0,1,54,466,1,15,31,4,0,1,0,10,293,0,9,3,13,40,54,0,2,107,3,9,0,0,415,56,167,200,904,244,34,0,16,41,128,59,92,9,0,697,608,1,0,0,226,55,78,307,139,73,95,1123,0,0,24,784,1,13,116,96,0,0,2,0,0,3,97,1,0,1,183,0,32,2,976,206,124,0,809,5,0,0,343,18,16,41,10,26,74,0,2,0,104,0,12,50,93,314,814,0,0,1,203,152,243,198,0,59,38,22,42,2,36,35,17,27,71,55,15,1,2730,439,43,0,0,2,1,866,0,477,0,122,143,0,852,276,18,22,0,82,134,0,0,0,0,0,0,0,0,1407,203,32,28,11,4,124,89,20,3
26,kidney trauma,0,0,0,0,0,0,0,0,0,0,0,0,0,0,0,0,0,0,0,0,0,0,0,0,0,0,0,0,0,0,0,0,1,0,0,0,2,0,0,0,0,0,0,0,0,0,0,0,0,0,0,0,2,0,0,0,0,0,0,0,0,0,1,1,1,0,0,0,0,0,0,0,0,0,0,0,0,2,4,0,0,0,0,0,0,0,0,0,0,0,0,0,0,0,0,0,0,0,0,0,0,0,0,0,0,2,0,0,0,0,0,0,0,0,0,0,0,0,0,0,0,0,1,4,0,0,0,0,0,0,0,0,0,0,1,1,0,0,0,0,0,0,0,0,0,0,1,0,0,0,0,0,0,0,0,0,0,0,0,0,0,0,0,0,0,0,0,0,0,0,0,0,0,1,0,0,0,0,0,0,0,0,0,0,0,0,0,0,0,0,0,0,1,1,0,0,0,0,1,0,0,0,0,0,0,0,0,0,0,0,0,0,0,0,0,1,0,0,0,0,0,0,0,0,0,0,0,0,0,0,0,0,0,0,0,0,0,0,0,0,0,0,0,0,1,2,1,0,0,0,0,0,0,0
27,liver failure,62,0,1,0,62,37,3,3,1,2,2,0,387,0,18,3,13,29,37,42,0,0,7,72,0,0,1,3,628,350,2,0,475,4,56,0,63,11,2,14,18,95,36,2,2,0,0,6,10,0,14,1,231,3,40,16,23,61,168,0,0,2,36,14,14,7,5,1,71,3,0,0,27,28,0,18,7,1799,588,0,17,0,33,0,1,3,6,1,3,4,0,47,1,0,0,4,130,0,19,11,10,0,2,0,1,62,0,0,2,9,31,39,0,4,19,1,11,1,0,150,24,61,18,476,83,5,0,4,51,12,45,57,4,0,3,4,9,1,0,149,50,40,131,36,33,3,14,1,0,19,173,0,7,1,20,1,0,1,0,2,11,33,0,0,0,53,0,11,0,9,66,1,0,6,0,0,0,96,1,0,0,0,4,5,0,0,0,84,0,2,0,60,32,393,0,1,1,83,66,54,48,0,10,19,11,158,0,15,0,0,0,0,0,5,1,834,156,11,0,0,0,2,146,0,10,0,58,69,0,383,198,0,1,1,7,57,0,0,0,0,0,0,0,0,113,86,13,10,34,14,23,19,3,0
28,liver injury,71,0,9,0,71,39,9,9,13,1,6,2,381,31,38,11,30,6,10,25,0,1,2,64,0,2,11,0,806,852,7,0,1067,1,145,1,83,26,1,31,53,250,145,1,1,0,1,13,40,3,9,0,154,30,54,30,13,84,85,0,0,2,26,1,1,34,19,6,173,5,3,3,22,22,4,44,3,1384,485,0,2,1,46,0,0,5,11,2,2,1,0,58,0,0,0,3,444,4,73,4,48,18,3,0,7,51,0,4,1,41,73,105,0,2,25,6,8,0,0,605,41,227,51,422,16,26,0,13,22,14,30,73,23,0,6,6,31,2,0,442,23,46,306,253,182,4,18,3,0,46,467,0,12,1,127,7,1,3,1,42,86,96,0,0,0,224,0,9,0,4,319,5,0,6,0,0,0,435,3,0,0,1,31,44,0,3,0,50,0,17,16,68,78,720,0,1,1,171,119,168,55,0,10,5,5,84,0,12,6,3,7,33,29,1,2,614,62,2,3,0,12,17,220,1,6,3,10,12,0,649,207,0,0,3,5,81,0,0,0,0,0,0,0,0,132,86,4,12,55,29,71,56,3,0
29,liver traumatic injuries,0,0,0,0,0,0,0,0,0,0,0,0,0,31,0,0,0,0,0,0,0,0,0,0,0,0,0,0,0,0,0,0,0,0,0,0,0,0,0,0,0,0,0,0,0,0,0,0,0,0,0,0,0,0,0,0,0,0,0,0,0,0,0,0,0,0,0,0,0,0,0,0,0,0,0,0,0,0,0,0,0,0,0,0,0,0,0,0,0,0,0,0,0,0,0,0,0,0,0,0,0,0,0,0,0,0,0,0,0,0,0,0,0,0,0,0,0,0,0,0,0,0,0,0,0,0,0,0,0,0,0,0,0,0,0,0,0,0,0,0,0,0,0,0,0,0,0,0,0,0,0,0,0,0,0,0,0,0,0,0,0,0,0,0,0,0,0,0,0,0,0,0,0,0,0,0,0,0,0,0,0,0,0,0,0,3,0,0,0,0,16,0,0,0,0,0,0,0,0,0,0,0,0,0,0,0,0,0,6,3,7,33,29,0,0,0,0,0,0,0,0,0,0,0,0,0,0,0,0,0,0,0,0,0,0,0,0,0,0,0,0,0,0,0,0,0,0,0,0,0,0,0,0,0
30,major trauma,0,0,0,0,0,0,0,0,0,0,1,24,3,0,0,0,0,8,7,5,0,0,1,10,0,0,0,2,2,4,0,0,27,0,0,0,37,0,0,0,1,2,1,0,0,0,0,3,1,0,2,0,6,1,5,2,7,7,43,0,0,0,12,2,2,0,0,0,7,0,0,0,0,4,0,0,3,189,109,1,1,0,0,0,0,0,0,0,0,0,0,21,3,0,0,0,6,0,0,41,0,0,0,0,0,11,0,0,0,0,2,3,0,0,19,0,7,0,0,9,5,11,1,106,8,256,0,118,2,1,3,2,0,0,0,0,0,0,0,8,3,5,24,1,1,0,0,0,0,0,16,0,0,1,1,0,0,0,0,0,0,0,0,0,0,1,0,19,2,0,24,0,0,0,0,12,0,5,0,0,0,0,0,0,0,0,0,6,0,4,10,17,1,46,0,0,0,3,6,2,15,0,9,1,1,4,0,7,4,1,2,3,1,4,20,91,19,2,1,0,0,0,2,0,0,0,12,12,4,52,16,0,0,23,1,8,0,0,0,0,0,2,0,0,1,12,0,1,0,0,1,1,23,15
31,mesenteric injury,0,0,0,0,0,0,0,0,0,0,0,1,0,0,0,0,0,0,0,0,0,0,0,3,0,0,0,0,1,0,0,0,0,0,0,0,0,0,0,0,0,0,0,0,0,0,0,0,0,0,0,0,0,0,0,0,0,0,18,0,0,0,6,0,0,0,0,0,0,0,0,0,0,0,0,0,0,19,14,0,0,0,0,0,0,0,0,0,0,0,0,0,0,0,0,0,0,0,0,0,0,0,0,0,0,2,0,0,0,0,0,0,0,0,0,0,0,0,0,0,0,0,0,12,0,3,0,0,0,0,0,0,0,0,0,0,0,0,0,0,0,0,0,0,0,0,0,0,0,0,0,0,0,0,0,0,0,0,0,0,0,0,0,0,0,0,0,0,0,0,1,0,0,0,0,0,0,1,0,0,0,0,0,0,0,0,0,0,0,0,10,1,0,1,0,0,0,1,1,0,0,0,0,0,0,0,0,0,4,1,2,3,1,0,0,3,0,0,0,0,0,0,0,0,0,0,0,0,0,2,0,0,0,0,0,0,0,0,0,0,0,0,0,0,0,3,0,1,0,0,0,0,0,0
32,musculoskeletal trauma,0,0,0,0,0,0,0,0,0,0,0,1,0,4,0,0,0,0,0,0,0,0,0,0,0,0,1,0,0,1,0,0,6,0,0,0,1,0,0,0,2,0,0,0,0,0,0,0,0,1,0,0,0,1,0,0,0,0,0,0,0,0,0,0,0,0,0,0,0,0,0,0,0,1,0,0,0,9,9,0,0,0,0,0,0,0,0,0,0,0,0,1,0,0,0,0,0,0,0,0,0,0,0,0,0,0,0,0,0,1,2,2,0,0,0,0,0,0,0,1,1,3,0,11,0,3,0,2,0,0,0,0,0,0,0,0,0,0,0,1,0,0,0,0,0,0,0,0,0,0,1,0,0,0,0,0,0,0,0,0,0,0,0,0,0,0,0,0,0,0,0,0,0,0,0,1,0,0,0,0,0,0,0,0,0,3,0,0,0,0,0,1,0,2,0,0,0,0,1,0,2,0,0,0,0,0,0,0,0,4,3,6,3,0,0,7,0,0,0,0,0,0,0,0,0,0,0,0,0,8,4,0,0,0,1,0,0,0,0,0,0,0,0,0,0,1,0,0,0,0,1,1,0,0
33,muscular trauma,0,0,0,0,0,0,0,0,0,0,0,0,0,4,0,0,0,0,0,0,0,0,0,0,0,0,0,0,0,0,0,0,0,0,0,0,0,0,0,0,0,0,0,0,0,0,0,0,0,1,0,0,0,3,0,0,0,0,0,0,0,0,1,0,0,0,0,0,0,0,0,0,0,0,0,0,0,2,3,0,0,0,0,0,0,0,0,0,0,0,0,0,0,0,0,0,0,0,0,0,0,0,0,0,0,0,0,0,0,0,0,0,0,0,0,0,0,0,0,0,0,0,0,1,0,0,0,0,0,0,0,0,0,0,0,0,0,0,0,0,0,1,0,0,0,0,0,0,0,0,0,0,0,0,0,0,0,0,0,0,0,0,0,0,0,0,0,0,0,0,0,0,0,0,0,0,0,0,0,0,0,0,0,0,0,3,0,0,0,0,0,0,0,0,0,0,0,0,0,0,0,0,0,0,0,0,0,0,0,4,3,6,3,0,0,1,0,0,0,0,0,0,0,0,0,0,0,0,0,2,0,0,0,0,1,0,0,0,0,0,0,0,0,0,0,0,0,0,0,0,0,0,0,0
34,multiple trauma,0,0,0,0,0,0,0,0,0,0,0,44,8,0,0,0,0,25,1,14,0,0,1,11,0,0,1,0,3,9,0,0,56,0,1,0,59,1,1,1,1,8,4,0,0,0,1,3,0,2,6,1,14,6,13,9,8,7,150,0,0,0,37,1,1,0,0,0,11,0,0,0,0,10,0,0,4,500,427,0,0,0,0,0,1,2,2,0,2,0,0,17,1,0,0,0,13,0,0,73,0,0,0,0,0,24,0,1,0,0,4,6,0,1,19,0,6,0,1,43,10,16,2,390,13,347,1,188,0,2,4,2,0,0,0,0,0,0,0,12,3,2,31,3,3,1,2,0,1,3,23,0,0,3,2,0,0,0,0,0,0,0,0,0,0,0,0,25,0,2,15,0,0,1,0,14,0,6,1,1,1,0,0,0,0,0,0,12,0,1,0,15,0,90,0,0,0,2,8,1,25,0,12,6,3,9,0,1,0,0,0,0,0,5,27,153,36,1,1,0,0,0,3,0,1,0,12,15,6,83,11,0,0,17,8,18,0,0,0,0,0,0,0,0,4,40,1,3,0,0,1,1,12,4
35,multi-trauma,0,0,0,0,0,0,0,0,0,0,0,3,0,0,0,1,0,3,0,1,0,0,0,0,0,0,1,0,0,0,0,0,3,0,0,0,0,0,0,0,0,0,0,0,0,0,0,0,0,0,0,0,2,0,1,1,0,1,4,0,0,0,2,0,0,0,0,0,2,0,0,0,0,0,0,0,0,11,14,0,0,0,0,0,0,0,0,0,0,0,0,0,0,0,0,0,0,0,0,1,0,0,0,0,0,1,0,0,0,0,0,0,0,0,0,0,0,0,0,3,1,1,0,12,1,9,0,12,0,0,0,0,0,0,0,0,0,0,0,1,0,0,3,0,0,0,0,0,0,0,5,0,0,0,1,0,0,0,0,0,0,0,0,0,0,0,0,1,0,0,2,0,0,0,0,1,0,0,0,0,0,0,0,0,0,0,0,1,0,0,0,1,0,7,0,0,0,0,0,0,2,0,0,0,0,1,0,0,0,0,0,0,0,0,1,8,2,0,0,0,0,0,0,0,0,0,1,1,0,6,1,0,0,1,0,0,0,0,0,0,0,0,0,0,0,0,0,0,0,0,0,0,1,1
36,(multi)trauma,0,0,0,0,0,0,0,0,0,0,0,3,0,4,0,1,0,3,0,1,0,0,0,0,0,0,1,0,0,0,0,0,3,0,0,0,0,0,0,0,0,0,0,0,0,0,0,0,0,0,0,0,2,0,1,1,0,1,4,0,0,0,2,0,0,0,0,0,2,0,0,0,0,0,0,0,0,11,14,0,0,0,0,0,0,0,0,0,0,0,0,0,0,0,0,0,0,0,0,1,0,0,0,0,0,1,0,0,0,0,0,0,0,0,0,0,0,0,0,3,1,1,0,12,1,9,0,12,0,0,0,0,0,0,0,0,0,0,0,1,0,0,3,0,0,0,0,0,0,0,5,0,0,0,1,0,0,0,0,0,0,0,0,0,0,0,0,1,0,0,2,0,0,0,0,1,0,0,0,0,0,0,0,0,0,0,0,1,0,0,16,1,0,7,0,0,0,0,0,0,2,0,0,0,0,1,0,0,3,0,0,13,9,0,1,8,2,0,0,0,0,0,0,0,0,0,1,1,0,6,1,0,0,1,0,0,0,0,0,0,0,0,0,0,0,0,0,0,0,0,0,0,1,1
37,multiple injuries,0,0,0,0,0,0,0,0,0,0,0,10,0,4,0,0,0,2,0,0,0,0,0,0,0,0,0,0,0,0,0,0,3,0,0,0,8,0,0,0,0,1,1,0,0,0,0,2,0,0,0,0,1,1,3,1,1,3,35,0,0,0,8,0,0,0,0,0,1,0,0,0,0,2,0,0,1,79,53,0,0,0,0,0,0,0,0,0,0,0,0,4,0,0,0,0,2,0,0,9,0,0,0,0,0,7,0,0,0,0,1,0,0,0,3,0,0,0,0,4,2,2,0,53,1,62,0,29,1,0,1,0,0,0,0,0,0,0,0,0,0,2,2,0,0,0,0,0,0,0,2,0,0,0,1,0,0,0,0,0,0,0,0,0,0,0,0,3,0,0,2,0,0,0,0,5,0,0,0,0,1,0,0,0,0,0,0,1,0,0,16,1,1,13,0,0,0,0,1,1,5,0,1,0,0,1,0,1,3,0,0,13,9,0,5,32,1,0,0,0,1,0,2,0,0,0,0,0,0,18,7,0,0,0,1,2,0,0,0,0,0,0,0,0,0,8,0,0,0,0,0,0,0,0
38,multiple organ failure,3,0,0,0,3,2,1,1,0,0,1,8,65,4,0,0,0,128,10,62,1,2,1,41,0,0,2,7,56,80,0,0,260,0,11,2,119,17,0,4,10,27,14,0,0,0,0,10,1,2,7,0,138,24,76,39,9,49,120,0,0,3,27,4,4,4,0,0,40,1,0,0,1,21,1,2,17,1071,340,0,6,0,5,0,0,3,5,1,2,2,0,22,0,0,0,0,84,0,5,27,0,0,0,0,0,44,0,1,0,5,14,22,2,2,54,0,12,0,2,140,36,76,6,262,36,92,0,47,25,3,17,21,3,2,5,3,0,0,0,82,14,22,129,33,21,1,8,0,0,22,83,0,0,6,60,0,0,0,0,0,0,4,0,0,0,5,1,204,15,6,117,1,0,4,0,1,0,93,0,0,6,1,1,1,0,0,0,47,0,14,0,38,17,193,0,0,0,50,32,17,66,0,15,34,20,24,0,56,0,0,0,0,1,33,1,373,72,10,1,0,0,0,48,0,6,0,175,213,0,163,50,0,0,2,17,64,1,0,0,0,0,0,0,0,63,32,15,11,4,2,10,7,6,0
39,multiple organ dysfunction,0,0,0,0,0,1,0,0,0,0,0,3,31,4,0,0,0,76,4,18,2,2,0,18,0,0,1,2,31,37,0,0,84,0,7,1,39,13,1,1,5,16,11,0,0,0,0,3,1,3,3,0,71,12,43,30,2,17,28,0,0,2,5,0,0,3,0,1,19,1,0,0,0,11,0,1,13,259,85,0,3,0,2,0,0,3,5,1,0,0,1,15,0,0,0,0,27,0,5,7,0,0,0,0,0,16,0,1,0,1,15,19,0,0,29,0,5,0,3,102,20,48,4,47,14,38,0,29,4,3,5,8,3,0,0,0,0,0,0,37,6,7,62,17,5,0,6,0,0,11,26,0,0,6,23,0,0,0,0,0,0,1,0,0,0,4,0,380,47,6,48,0,0,5,0,0,0,43,0,1,3,0,1,0,0,0,0,23,0,11,0,22,9,84,0,0,0,21,12,11,18,0,5,26,20,16,0,20,0,0,0,0,1,21,4,109,29,3,0,0,0,0,22,0,10,0,47,50,0,66,22,1,1,1,7,34,0,0,0,0,0,0,0,0,41,7,8,10,1,1,4,6,3,0
40,multiorgan dysfunction syndrome,0,0,0,0,0,0,0,0,0,0,0,0,1,0,0,0,0,4,0,0,0,0,0,2,0,0,0,0,1,2,0,0,7,0,0,0,3,0,0,1,1,3,2,0,0,0,0,0,0,0,0,0,2,0,1,1,0,3,1,0,0,0,1,0,0,0,0,0,0,0,0,0,0,0,0,0,1,19,2,0,0,0,0,0,0,0,0,0,0,0,0,0,0,0,0,0,3,0,0,1,0,0,0,0,0,1,0,0,0,0,0,0,0,0,1,0,0,0,0,4,2,1,1,5,4,1,0,1,1,1,3,1,0,0,1,1,0,0,0,2,0,0,0,0,0,0,1,0,0,0,4,0,0,0,1,0,0,0,0,0,0,0,0,0,0,0,0,28,0,1,3,0,0,1,0,0,0,1,0,0,0,0,0,0,0,0,0,1,0,1,0,2,0,7,0,0,0,2,1,1,1,0,2,3,2,0,0,2,0,0,0,0,0,0,0,7,5,0,0,0,0,0,0,0,0,0,4,4,0,9,1,0,0,0,0,2,0,0,0,0,0,0,0,0,2,2,0,0,0,0,0,0,0,0
41,multi-organ failure,0,0,0,0,0,0,0,0,0,0,0,1,16,0,0,0,1,15,2,4,0,0,0,4,0,0,0,1,11,21,0,0,37,0,3,0,11,2,1,2,2,4,9,0,0,1,0,3,3,1,2,0,31,5,6,3,1,19,30,0,0,1,11,0,0,0,0,2,12,0,0,0,1,1,0,0,3,299,99,0,4,0,5,0,0,0,0,0,0,0,0,5,0,0,0,0,7,0,0,5,0,1,0,0,0,8,0,0,0,0,1,4,0,0,4,0,2,0,0,25,10,19,2,64,4,8,0,2,6,1,10,6,0,0,0,0,0,0,0,14,9,6,22,7,4,0,0,0,0,6,14,0,0,1,2,0,0,0,0,0,0,3,0,0,0,6,0,4,0,0,13,0,0,0,0,0,0,15,0,0,0,1,1,1,0,0,0,13,0,1,0,12,7,37,0,0,0,28,8,5,2,0,3,2,1,2,0,10,0,0,0,0,0,5,0,75,11,1,0,0,0,0,10,0,0,0,14,16,0,38,23,1,1,0,7,17,0,0,0,0,0,0,0,0,6,10,5,0,0,0,1,1,2,0
42,organ failure,3,0,2,0,3,2,1,1,1,0,1,8,166,1,2,0,3,465,76,136,2,4,10,201,0,0,6,16,134,166,1,0,613,3,19,2,246,25,10,12,19,57,38,2,0,1,0,18,6,3,21,0,323,39,239,137,17,101,215,0,0,5,46,14,14,6,0,5,92,1,0,0,3,47,1,2,44,2175,730,0,20,0,21,0,0,6,10,1,5,5,1,56,1,0,0,0,154,0,5,73,0,1,0,0,0,108,0,6,3,5,20,30,2,4,119,0,26,0,5,278,76,146,11,467,142,131,0,65,38,8,43,50,6,2,7,3,1,0,0,173,51,48,357,53,29,1,28,0,0,37,241,1,2,9,77,0,0,0,0,0,1,15,0,0,0,30,1,234,27,24,204,1,0,20,0,2,0,163,2,2,18,4,3,4,0,0,0,117,0,17,1,88,45,484,0,0,0,115,74,40,161,0,40,153,98,48,0,108,0,2,2,0,0,118,1,911,318,44,1,0,0,0,98,0,14,1,1306,1090,0,459,150,1,1,3,45,141,2,0,0,0,0,0,0,0,116,64,41,34,6,2,29,20,16,2
43,organ injury,0,0,3,0,0,0,2,2,2,0,0,9,27,1,1,0,0,1,0,47,0,2,0,7,0,1,0,0,13,42,0,0,114,0,5,1,106,16,1,4,8,25,16,1,0,1,0,8,2,0,4,0,101,13,8,5,0,51,61,0,0,1,24,5,5,6,0,1,17,0,0,0,0,3,1,0,4,159,102,0,4,0,3,0,1,2,4,0,0,1,0,6,0,0,0,0,26,0,3,11,0,0,0,0,0,31,0,0,0,1,27,35,0,0,29,0,1,0,2,123,14,54,9,105,7,52,1,21,3,1,1,14,3,0,1,3,1,0,0,53,0,3,70,26,18,1,10,0,1,11,34,0,0,2,76,0,0,0,0,0,5,11,0,0,0,22,0,13,0,9,120,0,0,9,0,1,0,76,1,0,1,0,1,2,0,0,0,10,0,24,1,20,2,83,0,0,0,24,22,17,23,0,7,2,1,5,0,12,0,2,2,0,0,8,7,86,7,0,1,1,0,0,48,0,0,0,3,1,0,82,24,0,0,6,19,36,0,0,0,0,0,0,0,0,52,32,3,3,2,3,11,9,3,1
44,pancreatic trauma,0,0,0,0,0,0,0,0,0,0,0,0,0,7,0,0,0,0,0,0,0,0,0,0,0,0,0,0,0,2,0,0,2,0,0,0,2,0,0,0,0,0,0,0,0,0,0,0,1,0,0,0,0,0,2,2,0,0,25,1,0,0,10,0,0,0,0,0,0,0,0,0,0,0,0,0,0,48,30,0,0,0,0,0,0,0,0,0,0,0,0,0,0,0,0,0,2,0,0,0,0,0,0,0,0,0,0,0,0,0,1,1,0,0,0,0,0,0,0,3,0,0,0,32,0,9,0,2,0,0,0,0,0,0,0,0,0,0,0,0,1,0,0,0,0,0,0,0,0,6,0,0,1,0,0,0,0,0,0,0,0,0,0,0,0,1,0,0,0,0,0,0,0,0,0,0,0,0,0,0,0,0,0,0,0,0,0,0,0,0,0,0,0,2,0,0,0,0,2,0,0,0,0,0,0,0,0,0,0,10,11,4,4,0,1,4,0,0,0,0,0,0,0,0,0,0,0,0,0,2,1,0,0,1,0,0,0,0,0,0,0,0,0,0,0,8,1,0,0,0,1,0,0,0
45,pancreatic injury,0,0,0,0,0,0,0,0,0,0,0,1,4,7,0,0,0,1,0,0,0,0,0,0,0,0,0,0,3,15,1,0,23,0,0,0,7,2,0,1,1,1,0,0,0,0,0,0,1,0,0,0,9,3,7,3,0,0,31,0,0,0,9,1,1,0,0,0,15,0,0,0,0,0,0,0,0,61,36,0,0,0,2,0,0,0,0,0,0,0,0,2,0,0,0,0,18,0,3,2,0,0,0,0,0,2,0,0,0,0,2,5,0,0,4,0,0,0,0,25,2,7,2,39,0,13,0,4,1,0,1,0,0,0,0,0,3,0,0,4,0,2,5,2,1,0,0,0,0,51,17,0,1,0,18,0,0,0,0,0,0,5,4,1,1,8,0,1,0,0,11,0,0,0,0,0,0,14,0,0,0,0,1,1,0,0,0,0,0,0,0,0,1,13,0,0,0,3,10,2,5,0,0,0,0,0,0,4,0,10,11,4,4,0,2,14,1,0,0,0,0,0,21,0,0,0,1,1,0,24,5,0,0,1,0,1,3,0,1,0,0,0,0,0,7,10,0,0,2,1,3,1,0,0
46,pelvic injury,0,0,0,0,0,0,0,0,0,0,0,3,0,0,0,0,0,0,0,2,0,0,0,0,0,0,0,0,0,0,0,0,1,0,0,0,3,0,0,0,0,1,0,0,0,0,0,0,0,0,0,0,0,0,0,0,2,0,13,0,0,0,5,0,0,0,0,0,0,0,0,0,0,1,0,0,1,20,26,0,0,0,0,0,0,0,0,0,1,1,0,1,0,0,0,0,0,0,0,3,0,0,0,0,0,2,0,0,0,0,0,0,0,0,3,0,0,0,0,0,0,0,0,31,0,11,0,9,0,0,0,0,0,0,0,0,0,0,0,1,0,0,4,0,0,0,0,0,0,0,1,0,0,0,0,0,0,0,0,0,0,0,0,0,0,0,0,1,0,0,0,0,0,0,0,1,0,1,0,0,0,0,0,0,0,0,0,0,0,0,0,0,1,6,0,0,0,0,0,0,1,0,0,0,0,0,0,0,0,0,0,0,0,1,1,6,1,0,0,0,0,0,0,0,0,0,1,1,0,6,3,0,0,0,0,0,0,0,0,0,0,0,0,0,0,2,0,0,0,0,0,0,1,1
47,pelvic trauma,0,0,0,0,0,0,0,0,0,0,0,2,0,0,0,0,0,0,0,0,0,0,0,0,0,0,0,0,0,1,0,0,0,0,0,0,8,0,0,0,0,0,0,0,0,0,0,0,0,0,0,0,0,0,0,0,1,0,16,0,0,0,6,0,0,0,0,0,0,0,0,0,0,0,0,0,0,40,39,0,0,0,0,0,0,0,0,0,0,0,0,0,0,0,0,0,0,0,0,3,0,0,0,0,0,5,0,0,0,0,0,0,0,0,0,0,0,0,0,0,0,0,0,47,1,19,0,14,0,0,0,0,0,0,0,0,0,0,0,0,0,1,1,0,0,0,0,0,0,0,2,0,0,0,0,0,0,0,0,0,0,0,0,0,0,0,0,0,0,0,0,0,0,0,0,0,0,0,0,0,0,0,0,0,0,0,0,0,0,0,0,0,0,8,0,0,1,0,1,0,1,0,0,0,0,0,0,0,0,0,0,0,0,0,3,13,0,0,0,0,0,0,0,0,0,0,1,1,0,9,4,0,0,0,0,1,0,0,0,0,0,0,0,0,0,5,0,0,0,0,0,0,0,0
48,pelvic fracture,0,0,0,0,0,0,0,0,0,0,0,9,0,10,0,0,0,0,0,2,0,0,0,0,0,0,0,0,0,1,0,0,3,0,0,0,33,2,1,0,1,1,1,0,0,0,0,0,0,0,1,0,3,1,0,1,2,0,44,1,0,0,15,0,0,0,0,0,3,0,0,0,0,3,0,0,2,98,87,0,0,0,0,0,0,0,0,0,2,2,0,3,0,0,0,0,0,0,0,16,0,0,0,0,0,10,0,0,0,0,0,0,0,0,7,0,0,0,0,2,0,0,0,97,3,63,0,37,0,0,0,0,0,0,0,0,0,0,0,0,0,2,7,0,0,0,0,0,0,0,3,0,0,1,0,0,0,0,0,0,0,1,0,0,0,2,0,1,0,0,0,0,0,0,0,0,0,0,0,0,0,0,0,0,0,10,0,0,0,0,2,1,3,16,0,0,0,1,1,0,6,0,0,0,0,3,0,0,2,4,3,38,35,0,3,33,2,1,0,0,0,0,1,0,0,0,1,1,0,31,10,0,0,2,1,4,0,0,0,0,0,0,0,0,0,10,1,0,0,0,0,0,4,3
49,physical trauma,0,0,0,0,0,0,0,0,0,0,0,0,1,10,0,0,0,0,1,1,0,0,0,3,0,0,0,0,0,5,0,0,4,0,0,0,1,0,0,1,0,1,1,0,0,0,1,0,1,1,0,0,1,2,1,0,0,1,5,0,0,0,2,0,0,0,0,0,4,0,0,0,0,0,0,0,0,54,25,0,0,0,1,0,0,0,0,0,0,0,0,0,0,0,0,0,2,0,0,0,0,0,0,0,0,0,0,0,0,0,0,0,0,0,0,0,0,0,0,3,0,1,1,18,0,1,0,0,1,1,0,1,1,0,0,0,0,0,0,3,0,0,0,0,1,0,0,0,0,1,3,1,1,0,0,0,0,0,0,0,0,0,0,0,0,0,0,0,0,0,1,0,0,0,0,0,0,2,0,0,0,0,0,0,0,10,0,0,0,0,2,1,0,3,0,0,0,4,0,0,3,0,0,0,0,0,0,0,2,4,3,38,35,0,0,26,1,0,0,0,0,0,3,0,0,0,0,0,0,14,7,0,0,0,1,3,0,0,0,0,0,0,0,0,0,4,0,1,0,0,1,2,0,0
50,poly-trauma,0,0,0,0,0,0,0,0,0,0,0,1,0,24,0,0,0,0,0,0,0,0,0,0,0,0,0,0,0,0,0,0,0,0,0,0,0,0,0,0,0,1,1,0,0,0,0,0,0,0,0,0,0,0,0,0,0,0,1,0,0,0,0,0,0,0,0,0,0,0,0,0,0,0,0,0,0,7,5,0,0,0,0,0,0,0,0,0,0,0,0,0,0,0,0,0,0,0,0,0,0,0,0,0,0,0,0,0,0,0,0,0,0,0,0,0,0,0,0,0,0,0,0,4,0,4,0,2,0,0,0,0,0,0,0,0,0,0,0,1,0,1,0,0,0,0,0,0,0,0,0,0,0,0,0,0,0,0,0,0,0,0,0,0,0,0,0,0,0,0,0,0,0,0,0,0,0,0,0,0,0,0,0,0,0,0,0,0,0,0,15,0,0,2,0,0,0,0,1,0,1,0,0,0,0,0,0,0,8,12,11,32,26,0,0,1,0,0,0,0,0,0,0,0,0,0,0,0,0,0,1,0,0,0,0,0,0,0,0,0,0,0,0,0,0,0,0,0,0,0,0,0,0,0
51,polytrauma,0,0,0,0,0,0,0,0,0,0,1,20,5,24,0,0,0,11,0,7,0,0,0,8,0,1,0,0,2,10,0,0,31,0,0,0,18,0,0,0,0,5,1,0,0,0,0,4,0,0,1,0,9,1,7,3,3,12,58,0,0,1,32,0,0,0,0,0,2,0,0,0,0,5,0,0,2,151,123,0,0,0,0,0,0,1,1,0,0,0,0,6,2,0,0,0,7,0,0,23,0,0,0,0,0,8,0,0,0,0,4,4,0,0,5,0,2,0,0,23,8,12,1,111,3,113,0,94,0,0,0,0,0,0,0,0,1,0,0,10,3,2,20,1,2,0,1,0,0,0,14,0,0,0,3,0,0,0,0,0,0,0,0,0,0,1,0,14,0,1,9,0,0,0,0,8,0,2,0,0,0,0,0,0,0,0,0,4,0,2,15,8,0,52,0,0,0,1,3,0,14,0,6,2,1,4,0,1,8,12,11,32,26,4,9,49,9,1,0,0,0,0,2,0,1,0,7,10,1,31,8,0,0,8,6,3,0,0,0,0,0,0,0,0,3,17,2,3,0,0,2,2,6,3
52,(poly)trauma,0,0,0,0,0,0,0,0,0,0,0,1,0,0,0,0,0,0,0,0,0,0,0,0,0,0,0,0,0,0,0,0,0,0,0,0,0,0,0,0,0,1,1,0,0,0,0,0,0,0,0,0,0,0,0,0,0,0,1,0,0,0,0,0,0,0,0,0,0,0,0,0,0,0,0,0,0,7,5,0,0,0,0,0,0,0,0,0,0,0,0,0,0,0,0,0,0,0,0,0,0,0,0,0,0,0,0,0,0,0,0,0,0,0,0,0,0,0,0,0,0,0,0,4,0,4,0,2,0,0,0,0,0,0,0,0,0,0,0,1,0,1,0,0,0,0,0,0,0,0,0,0,0,0,0,0,0,0,0,0,0,0,0,0,0,0,0,0,0,0,0,0,0,0,0,0,0,0,0,0,0,0,0,0,0,0,0,0,0,0,0,0,0,2,0,0,0,0,1,0,1,0,0,0,0,0,0,0,0,0,0,0,0,0,0,1,0,0,0,0,0,0,0,0,0,0,0,0,0,0,1,0,0,0,0,0,0,0,0,0,0,0,0,0,0,0,0,0,0,0,0,0,0,0
53,postinjury coagulopathy,0,0,0,0,0,0,0,0,0,0,0,0,0,0,0,0,0,0,0,0,0,0,0,0,0,0,0,0,0,0,0,0,0,0,0,0,1,0,0,0,0,0,0,0,0,0,0,0,0,0,0,0,0,0,0,0,0,0,0,0,0,0,0,0,0,0,0,0,0,0,0,0,0,0,0,0,0,1,0,0,0,0,0,0,0,0,0,0,0,0,0,0,0,0,0,0,0,0,0,0,0,0,0,0,0,0,0,0,0,0,0,0,0,0,0,0,0,0,0,0,0,0,0,0,1,0,0,1,0,0,0,0,0,0,0,0,0,0,0,0,0,0,0,0,0,0,0,0,0,0,0,0,0,0,0,0,0,0,0,0,0,0,0,0,0,0,0,0,0,0,0,0,0,0,0,0,0,0,0,0,0,0,0,0,0,0,0,0,0,0,0,0,0,0,0,0,0,0,0,0,0,0,1,0,0,0,0,0,0,0,0,0,0,0,0,1,0,0,0,0,0,0,0,0,0,0,0,0,0,1,0,0,0,0,0,0,0,0,0,0,0,0,0,0,0,0,0,0,0,0,0,0,0,0
54,posttrauma,0,0,0,0,0,0,0,0,0,0,0,0,2,6,0,0,0,0,0,1,0,0,0,1,0,0,0,0,0,0,0,0,6,0,0,0,3,0,0,0,0,0,0,0,0,0,0,0,0,0,0,0,1,0,2,1,0,0,1,0,0,0,0,0,0,0,0,0,0,0,0,0,0,0,0,0,0,33,17,0,0,0,0,0,0,0,0,0,0,0,0,1,0,0,0,0,5,0,0,1,0,0,0,0,0,2,0,0,0,0,0,1,0,0,6,0,0,0,0,7,0,1,0,12,0,8,0,3,1,0,0,0,0,0,0,0,0,0,0,0,0,1,0,0,0,0,0,0,0,0,4,0,0,0,1,0,0,0,0,0,0,0,0,0,0,0,0,3,1,0,7,0,0,0,0,0,0,3,0,0,0,0,0,0,0,0,0,1,0,1,5,2,0,5,0,0,0,0,0,1,3,0,0,0,0,0,0,0,2,1,2,6,4,0,0,24,0,0,0,0,0,0,1,0,0,0,1,1,0,15,2,0,0,0,0,2,0,0,0,0,0,0,0,0,1,1,0,1,0,0,0,0,0,0
55,renal failure,10,0,9,0,10,6,0,0,1,0,0,0,751,6,2,1,2,96,26,165,0,2,0,128,0,3,33,9,138,573,3,0,964,1,92,5,1304,259,43,30,25,100,32,2,3,13,5,13,7,11,58,1,3483,141,221,129,30,364,442,4,0,11,121,106,106,6,0,2,1181,0,0,0,5,63,37,2,25,5071,1723,0,340,0,360,0,0,17,21,0,4,6,1,103,0,0,0,6,609,0,14,32,3,0,0,0,2,496,0,17,14,11,4,6,0,1,167,3,10,0,0,183,37,63,34,1550,270,25,0,19,69,284,119,225,5,0,54,50,0,3,0,205,54,127,224,122,67,15,104,0,0,48,526,0,0,92,69,3,0,0,2,0,1,22,1,0,1,48,2,20,2,90,150,35,0,88,1,0,0,368,5,7,35,11,14,32,0,0,0,131,0,25,5,147,504,1026,0,0,2,245,249,493,174,0,20,16,23,50,5,27,2,1,2,6,4,14,1,2945,173,18,1,1,2,1,962,1,124,2,40,52,0,1101,407,1,1,2,103,171,0,0,0,0,0,0,0,0,1170,361,31,30,11,2,91,82,50,18
56,renal trauma,0,0,0,0,0,0,0,0,0,0,0,4,0,14,0,0,0,0,2,1,0,0,0,0,0,0,0,0,0,2,0,0,2,0,0,0,7,0,0,0,0,0,0,0,0,0,0,0,0,0,1,0,13,1,0,0,0,0,43,0,0,0,12,1,1,0,0,0,1,0,0,0,0,1,0,0,0,52,62,0,1,0,1,0,0,0,0,0,0,0,0,0,0,0,0,0,1,0,0,1,0,0,0,0,0,3,0,0,0,0,0,0,0,0,2,0,0,0,0,0,0,0,1,75,1,22,0,3,0,0,0,0,0,0,1,1,0,0,0,0,0,1,2,1,1,0,1,0,0,0,3,0,0,0,0,0,0,0,0,0,0,0,0,0,0,0,0,0,0,0,0,1,0,1,0,0,0,0,0,0,0,0,0,0,0,7,0,0,0,0,1,0,0,6,0,0,0,0,1,0,0,0,0,0,0,0,0,0,1,4,2,36,28,0,0,5,1,0,0,1,0,0,0,0,2,0,0,0,0,3,0,0,0,0,0,0,0,0,0,0,0,0,0,0,4,7,0,0,0,0,1,1,0,0
57,renal injury,0,0,5,0,0,0,5,5,2,0,1,4,345,14,0,0,0,4,5,99,0,0,0,27,0,2,6,0,21,182,2,0,539,0,36,5,663,197,10,17,32,88,35,0,2,8,0,15,10,3,6,1,1284,17,36,19,1,158,63,0,0,1,14,92,92,8,5,2,153,0,0,0,1,8,37,1,8,445,200,0,79,0,90,0,0,19,27,3,0,0,0,22,0,0,1,13,354,0,10,2,1,0,0,0,3,75,0,3,2,12,14,24,0,0,35,1,4,0,0,204,13,78,40,200,16,19,0,7,24,76,12,75,6,0,117,115,0,0,0,183,5,12,83,54,37,18,205,0,0,4,250,0,3,13,58,0,0,1,0,0,1,21,0,0,0,56,0,1,0,174,103,58,0,145,0,0,0,332,5,0,5,0,21,55,0,7,0,12,0,12,1,19,86,294,0,0,1,119,60,98,62,0,2,3,4,2,5,15,1,4,2,36,28,1,0,275,41,3,0,0,2,1,372,1,85,0,2,3,0,226,55,2,1,1,16,28,0,0,0,0,0,0,0,0,554,44,4,5,2,1,90,69,0,0
58,severe bleeding,0,0,0,0,0,0,0,0,0,0,0,1,7,0,0,0,0,1,3,2,0,0,0,5,0,0,0,1,3,4,0,0,12,0,0,0,26,0,2,0,0,0,0,0,0,0,0,0,0,0,2,0,8,1,1,2,29,4,20,0,0,0,13,0,0,0,0,0,11,0,0,0,0,1,0,0,6,240,100,0,3,0,3,0,0,0,0,0,2,1,0,52,4,0,0,0,2,0,0,1,0,0,0,0,0,26,0,0,0,1,0,0,0,0,5,0,1,0,0,1,1,1,0,63,10,5,0,1,11,3,3,7,0,0,0,0,0,0,0,5,1,10,4,1,0,0,0,0,0,0,10,0,1,0,1,0,0,0,0,0,0,0,0,0,0,0,0,1,0,0,4,0,0,0,0,0,0,0,0,0,0,0,0,0,0,0,0,60,0,0,0,90,0,37,0,0,0,13,14,2,11,0,8,0,0,30,0,13,0,0,0,0,0,1,0,127,13,1,0,0,0,0,8,0,1,0,0,1,0,66,38,0,0,0,2,9,0,0,0,0,0,0,0,0,3,19,2,2,1,1,3,2,22,14
59,severity of trauma,0,0,0,0,0,0,0,0,0,0,0,3,0,0,0,0,0,1,0,1,0,0,0,0,0,0,0,0,0,2,1,0,7,0,0,0,3,0,0,0,0,1,0,0,0,0,0,0,1,0,0,0,0,0,1,1,1,0,5,0,0,0,2,0,0,0,0,0,0,0,0,0,0,0,0,0,0,23,8,0,0,0,0,0,0,0,0,0,1,0,0,2,0,0,0,0,4,0,0,4,0,0,0,0,0,2,0,0,0,0,0,0,0,0,2,0,0,0,0,3,0,1,0,6,3,19,0,17,0,0,0,0,0,0,0,0,0,0,0,0,0,1,3,1,0,0,0,0,0,0,3,0,0,0,0,0,0,0,0,0,0,0,0,0,0,0,0,0,0,0,0,0,0,0,0,2,0,2,0,0,0,0,0,0,0,0,0,1,0,0,0,3,0,4,0,0,0,2,0,0,1,0,0,2,1,1,0,0,0,0,0,0,0,0,1,12,2,0,0,0,1,0,0,0,0,0,1,1,0,8,1,0,0,3,0,1,0,0,0,0,0,0,0,0,0,1,1,1,0,0,0,0,0,0
60,severe trauma,0,0,0,0,0,0,2,2,0,0,0,15,7,0,0,0,0,12,5,6,0,0,0,11,0,0,1,3,4,9,1,0,54,1,1,0,46,0,1,1,0,8,2,0,0,0,0,2,4,0,4,1,9,2,18,14,15,12,34,0,0,0,13,0,0,0,0,3,8,0,0,0,0,5,0,0,5,151,89,0,1,0,2,0,0,1,2,0,2,2,0,27,5,0,0,0,15,0,0,28,0,1,0,0,0,12,0,0,0,0,7,10,0,0,16,0,10,0,1,43,10,24,2,71,11,196,0,111,1,1,1,2,0,0,0,0,0,0,0,11,2,2,22,0,0,0,0,0,0,1,25,0,0,1,8,0,0,0,0,0,1,1,0,0,0,5,0,19,0,0,28,0,0,0,0,5,0,9,0,0,1,0,0,0,0,0,0,8,0,6,4,20,2,57,0,0,0,2,7,3,14,0,10,9,6,8,0,8,0,0,0,2,2,3,10,82,18,1,0,0,0,0,3,0,0,0,10,13,3,51,18,0,0,14,2,9,0,0,0,0,0,0,0,0,2,6,1,2,1,1,8,6,7,5
61,small bowel injury,0,0,0,0,0,0,0,0,0,0,0,0,1,0,0,0,0,0,0,0,0,0,0,0,0,0,0,0,0,0,0,0,1,0,0,0,1,0,0,0,0,0,0,0,0,0,0,0,0,0,1,0,0,0,0,1,0,0,13,0,0,0,3,0,0,0,0,0,0,0,0,0,0,0,0,0,0,24,16,0,0,0,0,0,0,0,0,0,0,0,0,0,0,0,0,0,0,0,0,0,0,0,0,0,0,1,0,0,0,0,0,0,0,0,1,0,0,0,0,1,1,1,0,13,0,4,0,2,0,0,0,0,0,0,0,0,0,0,0,2,0,2,0,0,0,0,0,0,0,0,1,0,0,0,0,0,0,0,0,0,0,0,0,0,0,0,0,0,0,0,0,0,0,0,0,0,0,0,0,0,0,0,0,0,0,0,0,0,0,0,4,0,0,3,0,0,0,0,0,0,0,0,0,0,0,0,0,0,0,0,0,2,2,0,0,5,0,0,0,0,0,0,2,0,0,0,0,0,0,1,0,0,0,0,0,2,0,0,0,0,0,0,0,0,0,0,1,0,0,0,0,0,0,0
62,splenic injury,0,0,0,0,0,0,0,0,0,0,1,4,1,0,0,0,0,0,0,2,0,0,0,0,0,0,1,0,1,1,0,0,1,0,0,0,10,0,0,1,0,1,1,0,0,0,0,0,0,0,0,0,0,0,0,0,0,0,57,0,0,0,21,0,0,0,0,0,1,0,0,0,0,0,0,0,0,87,72,0,0,0,0,0,0,0,0,0,0,0,0,0,0,0,0,0,0,0,0,4,0,0,0,0,0,10,0,0,0,0,0,0,2,0,2,0,0,0,0,1,0,2,0,77,2,41,0,11,0,0,2,2,0,2,0,0,0,0,0,3,0,1,4,0,0,0,0,0,0,1,1,0,0,0,0,0,0,0,0,0,0,0,0,0,0,0,0,0,0,0,1,0,0,0,0,0,0,1,0,0,0,0,0,0,0,0,0,3,0,0,0,3,1,7,0,0,0,0,2,0,6,0,0,0,0,0,0,0,0,0,0,0,0,0,1,21,1,0,0,0,0,0,1,0,0,0,1,0,0,11,2,0,0,0,0,2,0,0,0,0,0,0,0,0,0,20,1,2,0,0,0,0,1,1
63,splenic trauma,1,0,0,0,1,0,0,0,0,0,0,2,0,0,0,0,0,0,0,0,0,0,0,0,0,0,0,0,0,0,0,0,1,0,0,0,7,0,0,0,0,0,0,0,0,0,0,0,0,0,0,0,0,0,0,0,0,0,35,0,0,0,16,0,0,0,0,0,0,0,0,0,0,0,0,0,0,53,41,0,0,0,0,0,0,0,0,0,0,0,0,0,0,0,0,0,0,0,0,4,0,0,0,0,0,6,0,0,0,0,0,0,0,0,1,0,0,0,0,0,0,0,0,57,0,23,0,7,3,1,3,4,0,0,0,0,0,0,0,1,0,1,1,0,0,0,0,0,0,0,1,0,0,0,0,0,0,0,0,0,0,0,0,0,0,1,0,0,0,0,0,0,0,0,0,1,0,0,0,0,0,0,0,0,0,0,0,1,0,0,0,0,0,7,0,0,0,0,1,0,5,0,0,0,0,0,0,0,0,0,0,0,0,0,0,5,1,0,0,0,0,0,0,0,0,0,1,0,0,6,0,0,0,0,0,1,0,0,0,0,0,0,0,0,0,15,1,1,0,0,0,0,0,0
64,trauma,11,0,4,0,11,6,7,7,6,0,4,284,204,0,0,1,0,131,70,216,0,2,8,214,0,2,21,17,64,412,4,0,907,4,24,1,945,12,5,29,45,134,62,6,0,2,11,29,31,18,101,3,217,105,269,174,124,257,3134,12,0,10,1059,10,10,11,3,7,638,0,0,0,7,94,5,0,84,12597,7910,1,14,0,26,2,1,9,14,1,27,10,1,286,28,0,0,1,392,0,5,838,0,1,0,0,3,344,0,9,10,72,59,91,4,7,464,0,55,0,5,570,112,227,32,8567,211,2448,1,1133,37,36,38,90,13,4,6,4,2,0,0,303,41,138,387,79,48,1,11,1,1,65,607,1,11,35,116,0,0,1,1,0,1,38,0,0,0,85,0,104,6,9,367,2,0,6,0,86,0,277,3,4,10,15,9,22,0,0,0,156,0,61,0,333,180,1572,0,0,8,237,556,180,573,0,250,42,35,131,4,84,0,0,0,0,0,65,205,4798,406,44,11,1,71,0,326,3,33,6,73,92,35,3365,1266,1,1,141,83,525,0,0,0,0,1,3,0,0,96,1265,53,55,22,9,126,114,226,155
65,traumatic injury,0,0,0,0,0,1,0,0,1,0,1,5,5,0,0,0,0,2,0,9,0,0,0,2,0,0,0,1,2,22,0,0,43,0,1,0,32,0,0,5,4,2,3,1,0,0,0,4,1,1,4,0,9,3,6,4,3,16,61,0,0,0,21,1,1,0,0,1,38,0,0,0,0,1,1,0,4,294,165,0,0,0,1,0,0,0,1,0,0,0,0,10,0,0,0,0,16,0,0,27,0,0,0,0,0,12,0,0,1,3,4,4,0,0,14,0,2,0,0,30,5,16,1,222,9,115,0,46,1,2,5,8,0,0,2,0,1,0,0,20,1,2,16,2,2,0,1,0,0,1,34,0,0,0,7,0,0,0,0,0,0,6,0,0,0,10,0,8,1,1,32,0,0,1,0,1,0,15,0,0,0,0,1,1,0,0,0,6,0,4,0,17,9,41,0,0,0,14,15,13,32,0,8,1,1,2,0,4,0,0,0,0,0,1,6,111,10,1,0,0,2,0,22,0,1,0,2,1,3,93,37,0,0,3,0,16,0,0,0,0,0,0,0,0,1,29,1,7,4,3,12,7,4,3
66,trauma severity,0,0,0,0,0,0,0,0,0,0,0,40,5,0,0,0,0,11,13,8,0,1,3,32,0,0,1,0,2,8,2,0,63,0,2,0,56,1,3,1,0,2,1,0,0,0,0,2,1,0,8,0,8,3,8,6,2,7,54,1,0,0,18,1,1,0,0,0,8,0,0,0,0,6,0,0,5,456,216,0,2,0,1,0,0,0,0,0,0,1,0,13,0,0,0,0,12,0,0,88,0,0,0,0,0,16,0,1,0,1,0,1,0,0,21,0,3,0,0,24,4,10,3,204,16,231,0,134,0,0,0,2,0,0,1,2,0,0,0,4,2,1,20,3,1,0,0,0,0,1,18,0,0,0,1,0,0,0,0,0,0,0,0,0,0,1,0,8,2,0,5,0,0,0,0,18,0,6,0,1,1,1,0,0,0,0,0,3,0,0,0,8,0,67,0,0,0,2,1,0,24,0,7,2,1,5,0,1,0,0,0,0,0,3,51,230,55,7,0,1,1,0,2,0,2,0,9,11,18,146,33,0,0,44,2,7,0,0,0,0,0,0,0,0,3,13,1,1,0,0,2,3,6,3
67,traumatic organ injury,0,0,0,0,0,0,0,0,0,0,0,0,0,0,0,0,0,0,0,0,0,0,0,0,0,0,0,0,0,0,0,0,0,0,0,0,0,0,0,0,0,0,0,0,0,0,0,0,0,0,0,0,0,0,0,0,0,0,0,0,0,0,0,0,0,0,0,0,0,0,0,0,0,0,0,0,0,0,0,0,0,0,0,0,0,0,0,0,0,0,0,0,0,0,0,0,0,0,0,0,0,0,0,0,0,0,0,0,0,0,0,0,0,0,0,0,0,0,0,0,0,0,0,0,0,0,0,0,0,0,0,0,0,0,0,0,0,0,0,0,0,0,0,0,0,0,0,0,0,0,0,0,0,0,0,0,0,0,0,0,0,0,0,0,0,0,0,0,0,0,0,0,0,0,0,0,0,0,0,0,0,0,0,0,0,0,0,0,0,0,0,0,0,0,0,0,0,0,0,0,0,0,0,0,0,0,0,0,0,0,0,0,0,0,0,0,0,0,0,0,0,0,0,0,0,0,0,0,0,0,0,0,0,0,0,0,0,0,0,0,0,0,0,0,0,0,0,0,0,0,0,0,0,0
68,trauma-related injuries,0,0,0,0,0,0,0,0,0,0,0,0,0,2,0,0,0,0,0,0,0,0,0,0,0,0,0,0,0,0,0,0,1,0,0,0,1,0,0,0,0,0,0,0,0,0,0,0,0,0,0,0,0,0,0,0,0,0,2,0,0,0,1,0,0,0,0,0,0,0,0,0,0,0,0,0,0,5,3,0,0,0,0,0,0,0,0,0,0,0,0,0,0,0,0,0,0,0,0,1,0,0,0,0,0,0,0,0,0,0,0,0,0,0,0,0,0,0,0,0,0,0,0,2,0,2,0,1,0,0,0,0,0,0,0,0,0,0,0,0,0,0,0,0,0,0,0,0,0,0,0,0,0,0,0,0,0,0,0,0,0,0,0,0,0,0,0,0,0,0,0,0,0,0,0,0,0,0,0,0,0,0,0,0,0,0,0,0,0,0,5,0,0,1,0,0,0,0,0,0,0,0,0,0,0,0,0,0,2,0,1,1,1,0,0,2,0,0,0,0,0,0,0,0,0,0,0,0,0,2,2,0,0,0,0,0,0,0,0,0,0,0,0,0,0,0,0,0,0,0,0,0,0,0
69,traumatic splenic injury,0,0,0,0,0,0,0,0,0,0,0,0,0,2,0,0,0,0,0,1,0,0,0,0,0,0,0,0,0,1,0,0,0,0,0,0,0,0,0,0,0,0,0,0,0,0,0,0,0,0,0,0,0,0,0,0,0,0,2,0,0,0,0,0,0,0,0,0,0,0,0,0,0,0,0,0,0,3,2,0,0,0,0,0,0,0,0,0,0,0,0,0,0,0,0,0,0,0,0,1,0,0,0,0,0,1,0,0,0,0,0,0,0,0,0,0,0,0,0,0,0,0,0,4,0,1,0,0,0,0,0,0,0,0,0,0,0,0,0,0,0,0,0,0,0,0,0,0,0,0,0,0,0,0,0,0,0,0,0,0,0,0,0,0,0,0,0,0,0,0,0,0,0,0,0,0,0,0,0,0,0,0,0,0,0,0,0,0,0,0,5,1,1,0,0,0,0,0,0,0,0,0,0,0,0,0,0,0,2,0,1,1,1,0,0,0,0,0,0,0,0,0,0,0,0,0,0,0,0,1,0,0,0,0,0,0,0,0,0,0,0,0,0,0,0,0,0,0,0,0,0,0,0,0
70,traumatically injured spleen.,0,0,0,0,0,0,0,0,0,0,0,0,0,0,0,0,0,0,0,0,0,0,0,0,0,0,0,0,0,0,0,0,0,0,0,0,0,0,0,0,0,0,0,0,0,0,0,0,0,0,0,0,0,0,0,0,0,0,0,0,0,0,0,0,0,0,0,0,0,0,0,0,0,0,0,0,0,0,0,0,0,0,0,0,0,0,0,0,0,0,0,0,0,0,0,0,0,0,0,0,0,0,0,0,0,0,0,0,0,0,0,0,0,0,0,0,0,0,0,0,0,0,0,0,0,0,0,0,0,0,0,0,0,0,0,0,0,0,0,0,0,0,0,0,0,0,0,0,0,0,0,0,0,0,0,0,0,0,0,0,0,0,0,0,0,0,0,0,0,0,0,0,0,0,0,0,0,0,0,0,0,0,0,0,0,0,0,0,0,0,0,0,0,0,0,0,0,0,0,0,0,0,0,0,0,0,0,0,0,0,0,0,0,0,0,0,0,0,0,0,0,0,0,0,0,0,0,0,0,0,0,0,0,0,0,0,0,0,0,0,0,0,0,0,0,0,0,0,0,0,0,0,0,0
71,traumatic pelvic injury,0,0,0,0,0,0,0,0,0,0,0,0,0,0,0,0,0,0,0,0,0,0,0,0,0,0,0,0,0,0,0,0,0,0,0,0,0,0,0,0,0,0,0,0,0,0,0,0,0,0,0,0,0,0,0,0,0,0,1,0,0,0,0,0,0,0,0,0,0,0,0,0,0,0,0,0,0,2,2,0,0,0,0,0,0,0,0,0,0,0,0,0,0,0,0,0,0,0,0,0,0,0,0,0,0,0,0,0,0,0,0,0,0,0,0,0,0,0,0,0,0,0,0,2,0,0,0,0,0,0,0,0,0,0,0,0,0,0,0,0,0,0,0,0,0,0,0,0,0,0,0,0,0,0,0,0,0,0,0,0,0,0,0,0,0,0,0,0,0,0,0,0,0,0,0,0,0,0,0,0,0,0,0,0,0,0,0,0,0,0,0,0,0,0,0,0,0,0,0,0,0,0,0,0,0,0,0,0,0,0,0,0,0,0,0,0,0,0,0,0,0,0,0,0,0,0,0,0,0,0,0,0,0,0,0,0,0,0,0,0,0,0,0,0,0,0,0,0,0,0,0,0,0,0
72,traumatic kidney injury,0,0,0,0,0,0,0,0,0,0,0,0,0,0,0,0,0,0,0,0,0,0,0,0,0,0,0,0,0,0,0,0,0,0,0,0,0,0,0,0,0,0,0,0,0,0,0,0,0,0,0,0,0,0,0,0,0,0,0,0,0,0,0,0,0,0,0,0,0,0,0,0,0,0,0,0,0,0,0,0,0,0,0,0,0,0,0,0,0,0,0,0,0,0,0,0,0,0,0,0,0,0,0,0,0,0,0,0,0,0,0,0,0,0,0,0,0,0,0,0,0,0,0,0,0,0,0,0,0,0,0,0,0,0,0,0,0,0,0,0,0,0,0,0,0,0,0,0,0,0,0,0,0,0,0,0,0,0,0,0,0,0,0,0,0,0,0,0,0,0,0,0,0,0,0,0,0,0,0,0,0,0,0,0,0,0,0,0,0,0,0,0,0,0,0,0,0,0,0,0,0,0,0,0,0,0,0,0,0,0,0,0,0,0,0,0,0,0,0,0,0,0,0,0,0,0,0,0,0,0,0,0,0,0,0,0,0,0,0,0,0,0,0,0,0,0,0,0,0,0,0,0,0,0
73,traumatic renal injury,0,0,0,0,0,0,0,0,0,0,0,0,0,0,0,0,0,0,0,0,0,0,0,0,0,0,0,0,0,0,0,0,0,0,0,0,0,0,0,0,0,0,0,0,0,0,0,0,0,0,0,0,1,0,0,0,0,0,0,0,0,0,0,0,0,0,0,0,0,0,0,0,0,0,0,0,0,0,0,0,0,0,0,0,0,0,0,0,0,0,0,0,0,0,0,0,0,0,0,0,0,0,0,0,0,0,0,0,0,0,0,0,0,0,0,0,0,0,0,0,0,0,0,1,0,0,0,0,0,0,0,0,0,0,0,0,0,0,0,0,0,0,0,0,0,0,0,0,0,0,0,0,0,0,0,0,0,0,0,0,0,0,0,0,0,0,0,0,0,0,0,0,0,0,0,0,0,0,0,0,0,0,0,0,0,0,0,0,0,0,0,0,0,0,0,0,0,0,0,0,0,0,0,0,0,0,0,0,0,0,0,0,0,0,0,0,0,0,0,0,0,0,0,0,0,0,0,0,0,0,0,0,0,0,0,0,0,0,0,0,0,0,0,0,0,0,0,0,0,0,0,0,0,0
74,traumatic intestinal injury,0,0,0,0,0,0,0,0,0,0,0,0,0,0,0,0,0,0,0,0,0,0,0,0,0,0,0,0,0,0,0,0,0,0,0,0,0,0,0,0,0,0,0,0,0,0,0,0,0,0,0,0,0,0,0,0,0,0,0,0,0,0,0,0,0,0,0,0,0,0,0,0,0,0,0,0,0,0,0,0,0,0,0,0,0,0,0,0,0,0,0,0,0,0,0,0,0,0,0,0,0,0,0,0,0,0,0,0,0,0,0,0,0,0,0,0,0,0,0,0,0,0,0,0,0,0,0,0,0,0,0,0,0,0,0,0,0,0,0,0,0,0,0,0,0,0,0,0,0,0,0,0,0,0,0,0,0,0,0,0,0,0,0,0,0,0,0,0,0,0,0,0,0,0,0,0,0,0,0,0,0,0,0,0,0,0,0,0,0,0,0,0,0,0,0,0,0,0,0,0,0,0,0,0,0,0,0,0,0,0,0,0,0,0,0,0,0,0,0,0,0,0,0,0,0,0,0,0,0,0,0,0,0,0,0,0,0,0,0,0,0,0,0,0,0,0,0,0,0,0,0,0,0,0
75,traumatic liver injury,0,0,0,0,0,0,0,0,0,0,0,0,0,0,0,0,0,0,0,1,0,0,0,0,0,0,0,0,1,0,0,0,1,0,0,0,3,0,0,0,0,0,0,0,0,0,0,0,0,0,0,0,0,0,0,0,0,0,4,0,0,0,1,0,0,0,0,0,0,0,0,0,0,0,0,0,1,1,4,0,0,0,0,0,0,0,0,0,1,0,0,0,0,0,0,0,0,0,0,1,0,0,0,0,0,1,0,0,0,0,0,0,0,0,1,0,0,0,0,0,0,0,0,4,0,1,0,0,0,0,0,0,0,0,0,0,0,0,0,0,0,0,0,0,0,0,0,0,0,0,0,0,0,0,0,0,0,0,0,0,0,0,0,0,0,0,0,0,0,0,0,0,0,0,0,0,0,0,0,0,0,0,0,0,0,0,0,0,0,0,0,0,0,0,0,0,0,0,0,0,0,0,0,0,0,0,0,0,0,0,0,0,0,0,0,0,0,0,0,0,0,0,0,0,0,0,0,0,0,0,0,0,0,0,0,1,0,0,0,0,0,0,0,0,0,3,0,0,0,0,0,0,0,0
76,traumatic hemorrhagic shock,0,0,0,0,0,0,0,0,0,0,0,0,2,28,0,0,0,0,0,2,0,0,0,1,0,0,0,0,0,1,0,0,0,0,0,0,9,1,0,0,0,1,0,0,0,0,0,0,0,0,0,0,2,0,0,0,1,0,1,0,0,0,0,1,1,0,0,0,0,0,0,0,0,0,0,0,0,4,2,0,0,0,0,0,0,0,0,0,0,0,0,2,0,0,0,0,1,0,0,0,0,0,0,0,0,7,0,0,0,0,0,0,0,0,1,0,0,0,0,3,0,3,0,1,0,6,0,2,0,0,0,0,0,0,0,0,0,0,0,0,0,0,8,0,0,0,0,0,0,0,4,0,0,0,1,0,0,0,0,0,0,0,0,0,0,0,0,1,0,0,1,0,0,0,0,0,0,0,0,0,0,0,0,0,0,2,0,1,0,1,33,2,0,7,0,0,0,0,0,0,1,0,0,0,0,1,0,1,4,5,8,14,13,0,0,0,1,0,0,0,0,0,1,0,1,0,0,0,0,2,0,0,0,0,0,0,0,0,0,0,0,0,0,0,2,0,0,0,0,0,0,0,0,0
77,traumatic coagulopathy,0,0,0,0,0,0,0,0,0,0,0,0,0,28,0,0,0,0,3,2,0,0,0,2,0,0,0,1,0,0,0,0,1,0,0,0,6,0,0,0,0,0,0,0,0,0,0,1,0,0,0,0,0,0,0,0,12,1,0,0,0,0,0,0,0,0,0,0,0,0,0,0,0,0,0,0,6,22,6,0,0,0,0,0,0,0,0,0,0,0,0,20,2,0,0,0,0,0,0,3,0,0,0,0,0,3,0,0,0,0,1,1,0,0,2,0,0,0,0,2,0,0,0,3,2,17,0,6,0,0,0,0,0,0,0,0,0,0,0,0,0,4,3,0,0,0,0,0,0,0,1,0,0,0,0,0,0,0,0,0,0,0,0,0,0,0,0,1,0,0,1,0,0,0,0,0,0,0,0,0,0,0,0,0,0,2,0,4,0,1,33,10,0,10,0,0,0,0,1,1,2,0,5,0,0,12,0,14,4,5,8,14,13,0,0,3,2,1,0,0,0,0,0,0,0,0,0,0,0,8,6,0,0,0,0,5,0,0,0,0,0,0,0,0,0,0,0,0,0,0,0,0,2,0
78,traumatic blood loss,0,0,0,0,0,0,0,0,0,0,0,0,0,13,0,0,0,0,0,2,0,0,0,0,0,0,0,0,0,0,0,0,0,0,0,0,1,0,0,0,0,0,0,0,0,0,0,0,0,0,0,0,0,0,0,0,0,0,0,0,0,0,0,0,0,0,0,0,0,0,0,0,0,0,0,0,0,1,0,0,0,0,0,0,0,0,0,0,0,0,0,0,0,0,0,0,0,0,0,0,0,0,0,0,0,2,0,0,0,0,0,0,0,0,1,0,0,0,0,0,0,0,0,0,0,0,0,0,0,0,0,0,0,0,0,0,0,0,0,0,0,0,0,0,0,0,0,0,0,0,0,0,0,0,0,0,0,0,0,0,0,0,0,0,0,0,0,0,0,0,0,0,0,0,0,0,0,0,0,0,0,0,0,0,0,1,0,0,0,0,21,1,0,1,0,0,0,0,0,0,0,0,0,0,0,0,0,0,11,0,2,9,4,0,0,0,0,0,0,0,0,0,0,0,0,0,0,0,0,1,0,0,0,0,0,0,0,0,0,0,0,0,0,0,0,0,0,0,0,0,0,0,0,0
79,trauma score,0,0,0,0,0,0,0,0,0,0,0,20,2,13,0,0,0,3,7,7,0,0,1,18,0,0,0,0,1,3,0,0,6,0,0,0,38,0,0,0,0,1,0,0,0,0,0,0,0,0,1,0,1,2,2,2,1,0,16,0,0,0,6,0,0,0,0,0,1,0,0,0,0,0,0,0,0,67,30,0,0,0,0,0,0,0,0,0,0,0,0,1,0,0,0,0,3,0,0,84,0,0,0,0,0,4,0,0,0,0,0,0,0,0,12,0,1,0,0,2,1,1,0,25,5,183,0,103,0,0,0,0,0,0,0,0,0,0,0,0,1,2,11,1,0,0,0,0,0,1,4,0,0,0,0,0,0,0,0,0,0,0,0,0,0,0,0,2,1,0,0,0,0,0,0,20,0,0,0,0,0,0,0,0,0,1,0,0,0,0,21,3,2,25,0,0,0,0,2,0,7,0,1,0,0,1,0,0,11,0,2,9,4,0,205,37,30,0,1,0,0,0,2,0,0,0,0,0,17,33,1,0,0,49,2,4,0,0,0,0,0,0,0,0,1,2,1,0,0,0,0,0,1,0
